HSKv2_1,HSKv2_2,HSKv2_3,HSKv2_4,HSKv2_5,HSKv2_6
爱 ai4,吧 ba5,阿姨 a1yi2,爱情 ai4qing2,哎 ai1,挨
八 ba1,白 bai2,啊 a5,安排 an1pai2,唉 ai4,挨
爸爸 ba4ba5,百 bai3,矮 ai3,安全 an1quan2,爱护 ai4hu4,癌症
杯子 bei1zi5,帮助 bang1zhu4,爱好 ai4hao4,按时 an4shi2,爱惜 ai4xi1,爱不释手
北京 Bei3jing1,报纸 bao4zhi3,安静 an1jing4,按照 an4zhao4,爱心 ai4xin1,爱戴
本 ben3,比 bi3,把 ba3,百分之… bai3fen1zhi1…,安慰 an1wei4,暧昧
不 bu4,别 bie2,班 ban1,棒 bang4,安装 an1zhuang1,安宁
不客气 bu4//ke4qi4,宾馆 bin1guan3,搬 ban1,包子 bao1zi5,岸 an4,安详
菜 cai4,长 zhang3,办法 ban4fa3,保护 bao3hu4,暗 an4,安置
茶 cha2,唱歌 chang4//ge1,办公室 ban4gong1shi4,保证 bao3zheng4,熬夜 ao2//ye4,按摩
吃 chi1,出 chu1,半 ban4,报名 bao4//ming2,把握 ba3wo4,案件
出租车 chu1zu1che1,穿 chuan1,帮忙 bang1//mang2,抱 bao4,摆 bai3,案例
打电话 da3 dian4hua4,次 ci4,包 bao1,抱歉 bao4qian4,办理 ban4li3,暗示
大 da4,从 cong2,饱 bao3,倍 bei4,傍晚 bang4wan3,昂贵
的 de5,错 cuo4,北方 bei3fang1,本来 ben3lai2,包裹 bao1guo3,凹凸
点 dian3,打篮球 da3 lan2qiu2,被 bei4,笨 ben4,包含 bao1han2,熬
电脑 dian4nao3,大家 da4jia1,鼻子 bi2zi5,比如 bi3ru2,包括 bao1kuo4,奥秘
电视 dian4shi4,到 dao4,比较 bi3jiao4,毕业 bi4//ye4,薄 bao2,巴不得
电影 dian4ying3,得 de2,比赛 bi3sai4,遍 bian4,宝贝 bao3bei4,巴结
东西 dong1-xi1,等 deng3,笔记本 bi3ji4ben3,标准 biao1zhun3,宝贵 bao3gui4,扒
都 dou1,弟弟 di4di5,必须 bi4xu1,表格 biao3ge2,保持 bao3chi2,疤
读 du2,第一 di4-yi1,变化 bian4hua4,表示 biao3shi4,保存 bao3cun2,拔苗助长
对不起 dui4bu5qi3,懂 dong3,别人 bie2ren5,表演 biao3yan3,保留 bao3liu2,把关
多 duo1,对 dui4,冰箱 bing1xiang1,表扬 biao3yang2,保险 bao3xian3,把手
多少 duo1shao3,房间 fang2jian1,不但…而且… bu4dan4…er2qie3…,饼干 bing3gan1,报到 bao4//dao4,罢工
儿子 er2zi5,非常 fei1chang2,菜单 cai4dan1,并且 bing4qie3,报道 bao4dao4,霸道
二 er4,服务员 fu2wu4yuan2,参加 can1jia1,博士 bo2shi4,报告 bao4gao4,掰
饭店 fan4dian4,高 gao1,草 cao3,不得不 bu4de2bu4,报社 bao4she4,摆脱
飞机 fei1ji1,告诉 gao4su5,层 ceng2,不管 bu4guan3,抱怨 bao4yuan5,败坏
分钟 fen1zhong1,哥哥 ge1ge5,差 cha4,不过 bu4guo4,背 bei4,拜访
高兴 gao1xing4,给 gei3,超市 chao1shi4,不仅 bu4jin3,悲观 bei1guan1,拜年
个 ge4,公共汽车 gong1gong4 qi4che1,衬衫 chen4shan1,部分 bu4fen5,背景 bei4jing3,拜托
工作 gong1zuo4,公司 gong1si1,成绩 cheng2ji4,擦 ca1,被子 bei4zi5,颁布
狗 gou3,贵 gui4,城市 cheng2shi4,猜 cai1,本科 ben3ke1,颁发
汉语 Han4yu3,过 guo4,迟到 chi2//dao4,材料 cai2liao4,本领 ben3ling3,斑
好 hao3,还 hai2,除了 chu2le5,参观 can1guan1,本质 ben3zhi4,版本
号 hao4,孩子 hai2zi5,船 chuan2,餐厅 can1ting1,比例 bi3li4,半途而废
喝 he1,好吃 hao3chi1,春 chun1,厕所 ce4suo3,彼此 bi3ci3,扮演
和 he2,黑 hei1,词典 ci2dian3,差不多 cha4bu5duo1,必然 bi4ran2,伴侣
很 hen3,红 hong2,聪明 cong1ming5,长城 Chang2cheng2,必要 bi4yao4,伴随
后面 hou4mian5,火车站 huo3che1zhan4,打扫 da3sao3,长江 Chang2 Jiang1,毕竟 bi4jing4,绑架
回 hui2,机场 ji1chang3,打算 da3suan5,尝 chang2,避免 bi4mian3,榜样
会 hui4,鸡蛋 ji1dan4,带 dai4,场 chang3,编辑 bian1ji2,磅
几 ji3,件 jian4,担心 dan1//xin1,超过 chao1//guo4,鞭炮 bian1pao4,包庇
家 jia1,教室 jiao4shi4,蛋糕 dan4gao1,成功 cheng2gong1,便 bian4,包袱
叫 jiao4,姐姐 jie3jie5,当然 dang1ran2,成为 cheng2wei2,辩论 bian4lun4,包围
今天 jin1tian1,介绍 jie4shao4,地 de5,诚实 cheng2shi5,标点 biao1dian3,包装
九 jiu3,进 jin4,灯 deng1,乘坐 cheng2zuo4,标志 biao1zhi4,饱和
开 kai1,近 jin4,地方 di4fang1,吃惊 chi1//jing1,表达 biao3da2,饱经沧桑
看 kan4,就 jiu4,地铁 di4tie3,重新 chong2xin1,表面 biao3mian4,保管
看见 kan4//jian5,觉得 jue2de5,地图 di4tu2,抽烟 chou1//yan1,表明 biao3ming2,保密
块 kuai4,咖啡 ka1fei1,电梯 dian4ti1,出差 chu1//chai1,表情 biao3qing2,保姆
来 lai2,开始 kai1shi3,电子邮件 dian4zi3you2jian4,出发 chu1fa1,表现 biao3xian4,保守
老师 lao3shi1,考试 kao3shi4,东 dong1,出生 chu1sheng1,冰激凌 bing1ji1ling2,保卫
了 le5,可能 ke3neng2,冬 dong1,出现 chu1xian4,病毒 bing4du2,保养
冷 leng3,可以 ke3yi3,动物 dong4wu4,厨房 chu2fang2,玻璃 bo1li5,保障
里 li3,课 ke4,短 duan3,传真 chuan2zhen1,播放 bo1fang4,保重
六 liu4,快 kuai4,段 duan4,窗户 chuang1hu5,脖子 bo2zi5,报仇
妈妈 ma1ma5,快乐 kuai4le4,锻炼 duan4lian4,词语 ci2yu3,博物馆 bo2wu4guan3,报酬
吗 ma5,累 lei4,多么 duo1me5,从来 cong2lai2,补充 bu3chong1,报答
买 mai3,离 li2,饿 e4,粗心 cu1xin1,不安 bu4an1,报复
猫 mao1,两 liang3,耳朵 er3duo5,存 cun2,不得了 bu4//de2liao3,报警
没关系 mei2guan1xi5,零 ling2,发 fa1,错误 cuo4wu4,不断 bu4duan4,报销
没有 mei2you5,路 lu4,发烧 fa1shao1,答案 da2an4,不见得 bu4jian4de5,抱负
米饭 mi3fan4,旅游 lü3you2,发现 fa1xian4,打扮 da3ban5,不耐烦 bu4 nai4fan2,暴力
名字 ming2zi5,卖 mai4,方便 fang1bian4,打扰 da3rao3,不然 bu4ran2,暴露
明天 ming2tian1,慢 man4,放 fang4,打印 da3yin4,不如 bu4ru2,曝光
哪 na3,忙 mang2,放心 fang4//xin1,打招呼 da3//zhao1hu5,不要紧 bu4//yao4jin3,爆发
哪儿 na3r5,每 mei3,分 fen1,打折 da3//zhe2,不足 bu4zu2,爆炸
那 na4,妹妹 mei4mei5,附近 fu4jin4,打针 da3//zhen1,布 bu4,卑鄙
呢 ne5,门 men2,复习 fu4xi2,大概 da4gai4,步骤 bu4zhou4,悲哀
能 neng2,面条 mian4tiao2,干净 gan1jing4,大使馆 da4shi3guan3,部门 bu4men2,悲惨
你 ni3,男 nan2,感冒 gan3mao4,大约 da4yue1,财产 cai2chan3,北极
年 nian2,您 nin2,感兴趣 gan3 xing4qu4,大夫 dai4fu5,采访 cai3fang3,贝壳
女儿 nü3er2,牛奶 niu2nai3,刚才 gang1cai2,戴 dai4,采取 cai3qu3,备份
朋友 peng2you5,女 nü3,个子 ge4zi5,当 dang1,彩虹 cai3hong2,备忘录
漂亮 piao4liang5,旁边 pang2bian1,根据 gen1ju4,当时 dang1shi2,踩 cai3,背叛
苹果 ping2guo3,跑步 pao3//bu4,跟 gen1,刀 dao1,参考 can1kao3,背诵
七 qi1,便宜 pian2yi5,更 geng4,导游 dao3you2,参与 can1yu4,被动
前面 qian2mian4,票 piao4,公斤 gong1jin1,到处 dao4chu4,惭愧 can2kui4,被告
钱 qian2,妻子 qi1zi5,公园 gong1yuan2,到底 dao4di3,操场 cao1chang3,奔波
请 qing3,起床 qi3//chuang2,故事 gu4shi5,倒 dao4,操心 cao1//xin1,奔驰
去 qu4,千 qian1,刮风 gua1feng1,道歉 dao4//qian4,册 ce4,本能
热 re4,铅笔 qian1bi3,关 guan1,得意 de2yi4,测验 ce4yan4,本钱
人 ren2,晴 qing2,关系 guan1xi5,得 dei3,曾经 ceng2jing1,本人
认识 ren4shi5,去年 qu4nian2,关心 guan1xin1,登机牌 deng1ji1pai2,叉子 cha1zi5,本身
三 san1,让 rang4,关于 guan1yu2,等 deng3,差距 cha1ju4,本事
商店 shang1dian4,日 ri4,国家 guo2jia1,低 di1,插 cha1,笨拙
上 shang4,上班 shang4//ban1,过 guo4,底 di3,拆 chai1,崩溃
上午 shang4wu3,身体 shen1ti3,过去 guo4//qu5,地点 di4dian3,产品 chan3pin3,甭
少 shao3,生病 sheng1//bing4,还是 hai2shi5,地球 di4qiu2,产生 chan3sheng1,迸发
谁 shei2,生日 sheng1ri5,害怕 hai4pa4,地址 di4zhi3,长途 chang2tu2,蹦
什么 shen2me5,时间 shi2jian1,黑板 hei1ban3,调查 diao4cha2,常识 chang2shi2,逼迫
十 shi2,事情 shi4qing5,后来 hou4lai2,掉 diao4,抄 chao1,鼻涕
时候 shi2hou5,手表 shou3biao3,护照 hu4zhao4,丢 diu1,超级 chao1ji2,比方
是 shi4,手机 shou3ji1,花 hua1,动作 dong4zuo4,朝 chao2,比喻
书 shu1,说话 shuo1//hua4,画 hua4,堵车 du3//che1,潮湿 chao2shi1,比重
水 shui3,送 song4,坏 huai4,肚子 du4zi5,吵 chao3,鄙视
水果 shui3guo3,虽然…但是… sui1ran2…dan4shi4…,欢迎 huan1ying2,短信 duan3xin4,吵架 chao3//jia4,闭塞
睡觉 shui4//jiao4,它 ta1,还 hai2,对话 dui4hua4,炒 chao3,弊病
说 shuo1,踢足球 Ti1 zu2qiu2,环境 huan2jing4,对面 dui4mian4,车库 che1ku4,弊端
四 si4,题 ti2,换 huan4,对于 dui4yu2,车厢 che1xiang1,臂
岁 sui4,跳舞 tiao4//wu3,黄河 Huang2 He2,儿童 er2tong2,彻底 che4di3,边疆
他 ta1,外 wai4,回答 hui2da2,而 er2,沉默 chen2mo4,边界
她 ta1,完 wan2,会议 hui4yi4,发生 fa1sheng1,趁 chen4,边境
太 tai4,玩 wan2,或者 huo4zhe3,发展 fa1zhan3,称 cheng1,边缘
天气 tian1qi4,晚上 wan3shang5,几乎 ji1hu1,法律 fa3lü4,称呼 cheng1hu5,编织
听 ting1,往 wang3,机会 ji1hui5,翻译 fan1yi4,称赞 cheng1zan4,鞭策
同学 tong2xue2,为什么 wei4shen2me5,极 ji2,烦恼 fan2nao3,成分 cheng2fen5,贬低
喂 wei4,问 wen4,记得 ji4//de5,反对 fan3dui4,成果 cheng2guo3,贬义
我 wo3,问题 wen4ti2,季节 ji4jie2,方法 fang1fa3,成就 cheng2jiu4,扁
我们 wo3men5,西瓜 xi1gua5,检查 jian3cha2,方面 fang1mian4,成立 cheng2li4,变故
五 wu3,希望 xi1wang4,简单 jian3dan1,方向 fang1xiang4,成人 cheng2ren2,变迁
喜欢 xi3huan5,洗 xi3,见面 jian4//mian4,房东 fang2dong1,成熟 cheng2shu2,变质
下 xia4,小时 xiao3shi2,健康 jian4kang1,放弃 fang4qi4,成语 cheng2yu3,便利
下午 xia4wu3,笑 xiao4,讲 jiang3,放暑假 fang4 shu3jia4,成长 cheng2zhang3,便条
下雨 xia4yu3,新 xin1,教 jiao4,放松 fang4song1,诚恳 cheng2ken3,便于
先生 xian1sheng5,姓 xing4,角 jiao3,份 fen4,承担 cheng2dan1,遍布
现在 xian4zai4,休息 xiu1xi5,脚 jiao3,丰富 feng1fu4,承认 cheng2ren4,辨认
想 xiang3,雪 xue3,接 jie1,否则 fou3ze2,承受 cheng2shou4,辩护
小 xiao3,颜色 yan2se4,街道 jie1dao4,符合 fu2he2,程度 cheng2du4,辩解
小姐 xiao3jie5,眼睛 yan3jing5,节目 jie2mu4,父亲 fu4qin5,程序 cheng2xu4,辩证
些 xie1,羊肉 yang2rou4,节日 jie2ri4,付款 fu4//kuan3,吃亏 chi1//kui1,辫子
写 xie3,药 yao4,结婚 jie2//hun1,负责 fu4ze2,池塘 chi2tang2,标本
谢谢 xie4xie5,要 yao4,结束 jie2shu4,复印 fu4yin4,迟早 chi2zao3,标记
星期 xing1qi1,也 ye3,解决 jie3jue2,复杂 fu4za2,持续 chi2xu4,标题
学生 xue2sheng5,一起 yi1qi3,借 jie4,富 fu4,尺子 chi3zi5,表决
学习 xue2xi2,一下 yi1xia4,经常 jing1chang2,改变 gai3bian4,翅膀 chi4bang3,表态
学校 xue2xiao4,已经 yi3jing1,经过 jing1guo4,干杯 gan1//bei1,冲 chong1,表彰
一 yi1,意思 yi4si5,经理 jing1li3,赶 gan3,充电器 chong1dian4qi4,憋
一点儿 yi1dian3r5,因为…所以… yin1wei4…suo3yi3…,久 jiu3,敢 gan3,充分 chong1fen4,别墅
衣服 yi1fu5,阴 yin1,旧 jiu4,感动 gan3dong4,充满 chong1man3,别致
医生 yi1sheng1,游泳 you2yong3,句子 ju4zi5,感觉 gan3jue2,重复 chong2fu4,别扭
医院 yi1yuan4,右边 you4bian5,决定 jue2ding4,感情 gan3qing2,宠物 chong3wu4,濒临
椅子 yi3zi5,鱼 yu2,可爱 ke3ai4,感谢 gan3xie4,抽屉 chou1ti5,冰雹
有 you3,远 yuan3,渴 ke3,干 gan4,抽象 chou1xiang4,丙
月 yue4,运动 yun4dong4,刻 ke4,刚 gang1,丑 chou3,并非
再见 zai4jian4,再 zai4,客人 ke4ren5,高速公路 gao1su4gong1lu4,臭 chou4,并列
在 zai4,早上 zao3shang5,空调 kong1tiao2,胳膊 ge1bo5,出版 chu1ban3,拨
怎么 zen3me5,丈夫 zhang4fu1,口 kou3,各 ge4,出口 chu1//kou3,波浪
怎么样 zen3me5yang4,找 zhao3,哭 ku1,工资 gong1zi1,出色 chu1se4,波涛
这 zhe4,着 zhe5,裤子 ku4zi5,公里 gong1li3,出示 chu1shi4,剥削
中国 Zhong1guo2,真 zhen1,筷子 kuai4zi5,功夫 gong1fu5,出席 chu1//xi2,播种
中午 zhong1wu3,正在 zheng4zai4,蓝 lan2,共同 gong4tong2,初级 chu1ji2,伯母
住 zhu4,知道 zhi1dao5,老 lao3,购物 gou4wu4,除非 chu2fei1,博大精深
桌子 zhuo1zi5,准备 zhun3bei4,离开 li2//kai1,够 gou4,除夕 chu2xi1,博览会
字 zi4,走 zou3,礼物 li3wu4,估计 gu1ji4,处理 chu3li3,搏斗
昨天 zuo2tian1,最 zui4,历史 li4shi3,鼓励 gu3li4,传播 chuan2bo1,薄弱
坐 zuo4,左边 zuo3bian5,脸 lian3,故意 gu4yi4,传染 chuan2ran3,补偿
做 zuo4,,练习 lian4xi2,顾客 gu4ke4,传说 chuan2shuo1,补救
,,辆 liang4,挂 gua4,传统 chuan2tong3,补贴
,,聊天 liao2tian1,关键 guan1jian4,窗帘 chuang1lian2,捕捉
,,了解 liao3jie3,观众 guan1zhong4,闯 chuang3,哺乳
,,邻居 lin2ju1,管理 guan3li3,创造 chuang4zao4,不得已
,,留学 liu2//xue2,光 guang1,吹 chui1,不妨
,,楼 lou2,广播 guang3bo1,词汇 ci2hui4,不敢当
,,绿 lü4,广告 guang3gao4,辞职 ci2//zhi2,不顾
,,马 ma3,逛 guang4,此外 ci3wai4,不禁
,,马上 ma3shang4,规定 gui1ding4,次要 ci4yao4,不堪
,,满意 man3yi4,国籍 guo2ji2,刺激 ci4ji1,不可思议
,,帽子 mao4zi5,国际 guo2ji4,匆忙 cong1mang2,不愧
,,米 mi3,果汁 guo3zhi1,从此 cong2ci3,不料
,,面包 mian4bao1,过程 guo4cheng2,从而 cong2er2,不免
,,明白 ming2bai5,海洋 hai3yang2,从前 cong2qian2,不时
,,拿 na2,害羞 hai4//xiu1,从事 cong2shi4,不惜
,,奶奶 nai3nai5,寒假 han2jia4,粗糙 cu1cao1,不相上下
,,南 nan2,汗 han4,促进 cu4jin4,不像话
,,难 nan2,航班 hang2ban1,促使 cu4shi3,不屑一顾
,,难过 nan2guo4,好处 hao3chu5,醋 cu4,不言而喻
,,年级 nian2ji2,好像 hao3xiang4,催 cui1,不由得
,,年轻 nian2qing1,号码 hao4ma3,存在 cun2zai4,不择手段
,,鸟 niao3,合格 he2ge2,措施 cuo4shi1,不止
,,努力 nu3li4,合适 he2shi4,答应 da1ying5,布告
,,爬山 pa2shan1,盒子 he2zi5,达到 da2//dao4,布局
,,盘子 pan2zi5,后悔 hou4hui3,打工 da3//gong1,布置
,,胖 pang4,厚 hou4,打交道 da3//jiao1dao5,步伐
,,皮鞋 pi2xie2,互联网 hu4lian2wang3,打喷嚏 da3 pen1ti4,部署
,,啤酒 pi2jiu3,互相 hu4xiang1,打听 da3ting5,部位
,,瓶子 ping2zi5,护士 hu4shi5,大方 da4fang1,才干
,,其实 qi2shi2,怀疑 huai2yi2,大厦 da4sha4,财富
,,其他 qi2ta1,回忆 hui2yi4,大象 da4xiang4,财务
,,奇怪 qi2guai4,活动 huo2dong5,大型 da4xing2,财政
,,骑 qi2,活泼 huo2po5,呆 dai1,裁缝
,,起飞 qi3fei1,火 huo3,代表 dai4biao3,裁判
,,起来 qi3 //lai5,获得 huo4de2,代替 dai4ti4,裁员
,,清楚 qing1chu5,积极 ji1ji2,贷款 dai4kuan3,采购
,,请假 qing3//jia4,积累 ji1lei3,待遇 dai4yu4,采集
,,秋 qiu1,基础 ji1chu3,担任 dan1ren4,采纳
,,裙子 qun2zi5,激动 ji1dong4,单纯 dan1chun2,彩票
,,然后 ran2hou4,及时 ji2shi2,单调 dan1diao4,参谋
,,热情 re4qing2,即使 ji2shi3,单独 dan1du2,参照
,,认为 ren4wei2,计划 ji4hua4,单位 dan1wei4,残疾
,,认真 ren4zhen1,记者 ji4zhe3,单元 dan1yuan2,残酷
,,容易 rong2yi4,技术 ji4shu4,耽误 dan1wu5,残留
,,如果 ru2guo3,既然 ji4ran2,胆小鬼 dan3xiao3gui3,残忍
,,伞 san3,继续 ji4xu4,淡 dan4,灿烂
,,上网 shang4//wang3,寄 ji4,当地 dang1di4,仓促
,,生气 sheng1//qi4,加班 jia1//ban1,当心 dang1xin1,仓库
,,声音 sheng1yin1,加油站 jia1you2zhan4,挡 dang3,苍白
,,世界 shi4jie4,家具 jia1ju5,导演 dao3yan3,舱
,,试 shi4,假 jia3,导致 dao3zhi4,操劳
,,瘦 shou4,假 jia4,岛屿 dao3yu3,操练
,,叔叔 shu1shu5,价格 jia4ge2,倒霉 dao3//mei2,操纵
,,舒服 shu1fu5,坚持 jian1chi2,到达 dao4da2,操作
,,树 shu4,减肥 jian3//fei2,道德 dao4de2,嘈杂
,,数学 shu4xue2,减少 jian3shao3,道理 dao4li5,草案
,,刷牙 shua1//ya2,建议 jian4yi4,登记 deng1//ji4,草率
,,双 shuang1,将来 jiang1lai2,等待 deng3dai4,侧面
,,水平 shui3ping2,奖金 jiang3jin1,等于 deng3yu2,测量
,,司机 si1ji1,降低 jiang4di1,滴 di1,策划
,,太阳 tai4yang2,降落 jiang4luo4,的确 di2que4,策略
,,特别 te4bie2,交 jiao1,敌人 di2ren2,层出不穷
,,疼 teng2,交流 jiao1liu2,地道 di4dao4,层次
,,提高 ti2//gao1,交通 jiao1tong1,地理 di4li3,差别
,,体育 ti3yu4,郊区 jiao1qu1,地区 di4qu1,插座
,,甜 tian2,骄傲 jiao1ao4,地毯 di4tan3,查获
,,条 tiao2,饺子 jiao3zi5,地位 di4wei4,岔
,,同事 tong2shi4,教授 jiao4shou4,地震 di4zhen4,刹那
,,同意 tong2yi4,教育 jiao4yu4,递 di4,诧异
,,头发 tou2fa5,接受 jie1shou4,点心 dian3xin5,柴油
,,突然 tu1ran2,接着 jie1zhe5,电池 dian4chi2,搀
,,图书馆 tu2shu1guan3,节 jie2,电台 dian4tai2,馋
,,腿 tui3,节约 jie2yue1,钓 diao4,缠绕
,,完成 wan2//cheng2,结果 jie2guo3,顶 ding3,产业
,,碗 wan3,解释 jie3shi4,动画片 dong4hua4pian4,阐述
,,万 wan4,尽管 jin3guan3,冻 dong4,颤抖
,,忘记 wang4ji4,紧张 jin3zhang1,洞 dong4,昌盛
,,为 wei4,进行 jin4xing2,豆腐 dou4fu5,尝试
,,为了 wei4le5,禁止 jin4zhi3,逗 dou4,偿还
,,位 wei4,京剧 jing1ju4,独立 du2li4,场合
,,文化 wen2hua4,经济 jing1ji4,独特 du2te4,场面
,,西 xi1,经历 jing1li4,度过 du4guo4,场所
,,习惯 xi2guan4,经验 jing1yan4,断 duan4,敞开
,,洗手间 xi3shou3jian1,精彩 jing1cai3,堆 dui1,畅通
,,洗澡 xi3//zao3,景色 jing3se4,对比 dui4bi3,畅销
,,夏 xia4,警察 jing3cha2,对待 dui4dai4,倡导
,,先 xian1,竞争 jing4zheng1,对方 dui4fang1,倡议
,,相信 xiang1xin4,竟然 jing4ran2,对手 dui4shou3,钞票
,,香蕉 xiang1jiao1,镜子 jing4zi5,对象 dui4xiang4,超越
,,向 xiang4,究竟 jiu1jing4,兑换 dui4huan4,巢穴
,,像 xiang4,举 ju3,吨 dun1,朝代
,,小心 xiao3xin5,举办 ju3ban4,蹲 dun1,嘲笑
,,校长 xiao4zhang3,举行 ju3xing2,顿 dun4,潮流
,,新闻 xin1wen2,拒绝 ju4jue2,多亏 duo1kui1,撤退
,,新鲜 xin1xian5,距离 ju4li2,多余 duo1yu2,撤销
,,信用卡 xin4yong4ka3,聚会 ju4hui4,朵 duo3,沉淀
,,行李箱 xing2li3xiang1,开玩笑 kai1//wan2xiao4,躲藏 duo3cang2,沉闷
,,熊猫 xiong2mao1,开心 kai1//xin1,恶劣 e4lie4,沉思
,,需要 xu1yao4,看法 kan4fa3,耳环 er3huan2,沉重
,,选择 xuan3ze2,考虑 kao3lü4,发表 fa1biao3,沉着
,,要求 yao1qiu2,烤鸭 kao3ya1,发愁 fa1//chou2,陈旧
,,爷爷 ye2ye5,科学 ke1xue2,发达 fa1da2,陈列
,,一般 yi1ban1,棵 ke1,发抖 fa1dou3,陈述
,,一边 yi1bian1,咳嗽 ke2sou5,发挥 fa1hui1,衬托
,,一定 yi1ding4,可怜 ke3lian2,发明 fa1ming2,称心如意
,,一共 yi1gong4,可是 ke3shi4,发票 fa1piao4,称号
,,一会儿 yi1hui4r5,可惜 ke3xi1,发言 fa1yan2,成本
,,一样 yi1yang4,客厅 ke4ting1,罚款 fa2kuan3,成交
,,一直 yi1zhi2,肯定 ken3ding4,法院 fa3yuan4,成天
,,以前 yi3qian2,空 kong1,翻 fan1,成效
,,音乐 yin1yue4,空气 kong1qi4,繁荣 fan2rong2,成心
,,银行 yin2hang2,恐怕 kong3pa4,反而 fan3er2,成员
,,饮料 yin3liao4,苦 ku3,反复 fan3fu4,呈现
,,应该 ying1gai1,矿泉水 kuang4quan2shui3,反应 fan3ying4,诚挚
,,影响 ying3xiang3,困 kun4,反映 fan3ying4,承办
,,用 yong4,困难 kun4nan5,反正 fan3zheng4,承包
,,游戏 you2xi4,垃圾桶 la1ji1tong3,范围 fan4wei2,承诺
,,有名 you3//ming2,拉 la1,方 fang1,城堡
,,又 you4,辣 la4,方案 fang1an4,乘
,,遇到 yu4//dao4,来不及 lai2bu5ji2,方式 fang1shi4,盛
,,元 yuan2,来得及 lai2de5ji2,妨碍 fang2ai4,惩罚
,,愿意 yuan4yi5,来自 lai2zi4,仿佛 fang3fu2,澄清
,,月亮 yue4liang5,懒 lan3,非 fei1,橙
,,越 yue4,浪费 lang4fei4,肥皂 fei2zao4,秤
,,站 zhan4,浪漫 lang4man4,废话 fei4hua4,吃苦
,,张 zhang1,老虎 lao3hu3,分别 fen1bie2,吃力
,,长 zhang3,冷静 leng3jing4,分布 fen1bu4,迟钝
,,着急 zhao2//ji2,礼拜天 li3bai4tian1,分配 fen1pei4,迟缓
,,照顾 zhao4gu5,礼貌 li3mao4,分手 fen1//shou3,迟疑
,,照片 zhao4pian4,理发 li3//fa4,分析 fen1xi1,持久
,,照相机 zhao4xiang4ji1,理解 li3jie3,纷纷 fen1fen1,赤道
,,只 zhi3,理想 li3xiang3,奋斗 fen4dou4,赤字
,,只有…才… zhi3you3…cai2…,力气 li4qi5,风格 feng1ge2,冲动
,,中间 zhong1jian1,厉害 li4hai5,风景 feng1jing3,冲击
,,中文 Zhong1wen2,例如 li4ru2,风俗 feng1su2,冲突
,,终于 zhong1yu2,俩 lia3,风险 feng1xian3,充当
,,种 zhong3,连 lian2,疯狂 feng1kuang2,充沛
,,重要 zhong4yao4,联系 lian2xi4,讽刺 feng3ci4,充实
,,周末 zhou1mo4,凉快 liang2kuai5,否定 fou3ding4,充足
,,主要 zhu3yao4,零钱 ling2qian2,否认 fou3ren4,重叠
,,注意 zhu4//yi4,另外 ling4wai4,扶 fu2,崇拜
,,自己 zi4ji3,留 liu2,服装 fu2zhuang1,崇高
,,自行车 zi4xing2che1,流利 liu2li4,幅 fu2,崇敬
,,总是 zong3shi4,流行 liu2xing2,辅导 fu3dao3,稠密
,,嘴 zui3,旅行 lü3xing2,妇女 fu4nü3,筹备
,,最后 zui4hou4,律师 lü4shi1,复制 fu4zhi4,丑恶
,,最近 zui4jin4,乱 luan4,改革 gai3ge2,出路
,,作业 zuo4ye4,麻烦 ma2fan5,改进 gai3jin4,出卖
,,,马虎 ma3hu5,改善 gai3shan4,出身
,,,满 man3,改正 gai3zheng4,出神
,,,毛 mao2,盖 gai4,出息
,,,毛巾 mao2jin1,概括 gai4kuo4,初步
,,,美丽 mei3li4,概念 gai4nian4,除
,,,梦 meng4,干脆 gan1cui4,处分
,,,迷路 mi2//lu4,干燥 gan1zao4,处境
,,,密码 mi4ma3,赶紧 gan3jin3,处置
,,,免费 mian3//fei4,赶快 gan3kuai4,储备
,,,秒 miao3,感激 gan3ji1,储存
,,,民族 min2zu2,感受 gan3shou4,储蓄
,,,母亲 mu3qin5,感想 gan3xiang3,触犯
,,,目的 mu4di4,干活儿 gan4huo2r5,川流不息
,,,耐心 nai4xin1,钢铁 gang1tie3,穿越
,,,难道 nan2dao4,高档 gao1dang4,传达
,,,难受 nan2shou4,高级 gao1ji2,传单
,,,内 nei4,搞 gao3,传授
,,,内容 nei4rong2,告别 gao4bie2,船舶
,,,能力 neng2li4,格外 ge2wai4,喘气
,,,年龄 nian2ling2,隔壁 ge2bi4,串
,,,弄 nong4,个别 ge4bie2,床单
,,,暖和 nuan3huo5,个人 ge4ren2,创立
,,,偶尔 ou3er3,个性 ge4xing4,创新
,,,排队 pai2//dui4,各自 ge4zi4,创业
,,,排列 pai2lie4,根 gen1,创作
,,,判断 pan4duan4,根本 gen1ben3,吹牛
,,,陪 pei2,工厂 gong1chang3,吹捧
,,,批评 pi1ping2,工程师 gong1cheng2shi1,炊烟
,,,皮肤 pi2fu1,工具 gong1ju4,垂直
,,,脾气 pi2qi5,工人 gong1ren5,锤
,,,篇 pian1,工业 gong1ye4,纯粹
,,,骗 pian4,公布 gong1bu4,纯洁
,,,乒乓球 ping1pang1qiu2,公开 gong1kai1,慈善
,,,平时 ping2shi2,公平 gong1ping2,慈祥
,,,破 po4,公寓 gong1yu4,磁带
,,,葡萄 pu2tao5,公元 gong1yuan2,雌雄
,,,普遍 pu3bian4,公主 gong1zhu3,次品
,,,普通话 pu3tong1hua4,功能 gong1neng2,次序
,,,其次 qi2ci4,恭喜 gong1xi3,伺候
,,,其中 qi2zhong1,贡献 gong4xian4,刺
,,,气候 qi4hou4,沟通 gou1tong1,从容
,,,千万 qian1wan4,构成 gou4//cheng2,丛
,,,签证 qian1zheng4,姑姑 gu1gu5,凑合
,,,敲 qiao1,姑娘 gu1niang5,粗鲁
,,,桥 qiao2,古代 gu3dai4,窜
,,,巧克力 qiao3ke4li4,古典 gu3dian3,摧残
,,,亲戚 qin1qi5,股票 gu3piao4,脆弱
,,,轻 qing1,骨头 gu3tou5,搓
,,,轻松 qing1song1,鼓舞 gu3wu3,磋商
,,,情况 qing2kuang4,鼓掌 gu3//zhang3,挫折
,,,穷 qiong2,固定 gu4ding4,搭
,,,区别 qu1bie2,挂号 gua4//hao4,搭档
,,,取 qu3,乖 guai1,搭配
,,,全部 quan2bu4,拐弯 guai3wan1,达成
,,,缺点 que1dian3,怪不得 guai4bu5de5,答辩
,,,缺少 que1shao3,关闭 guan1bi4,答复
,,,却 que4,观察 guan1cha2,打包
,,,确实 que4shi2,观点 guan1dian3,打官司
,,,然而 ran2er2,观念 guan1nian4,打击
,,,热闹 re4nao5,官 guan1,打架
,,,任何 ren4he2,管子 guan3zi5,打量
,,,任务 ren4wu5,冠军 guan4jun1,打猎
,,,扔 reng1,光滑 guang1hua2,打仗
,,,仍然 reng2ran2,光临 guang1lin2,大不了
,,,日记 ri4ji4,光明 guang1ming2,大臣
,,,入口 ru4//kou3,光盘 guang1pan2,大伙儿
,,,散步 san4//bu4,广场 guang3chang3,大肆
,,,森林 sen1lin2,广大 guang3da4,大体
,,,沙发 sha1fa1,广泛 guang3fan4,大意
,,,伤心 shang1//xin1,归纳 gui1na4,大致
,,,商量 shang1liang5,规矩 gui1ju5,歹徒
,,,稍微 shao1wei1,规律 gui1lü4,代价
,,,勺子 shao2zi5,规模 gui1mo2,代理
,,,社会 she4hui4,规则 gui1ze2,带领
,,,申请 shen1qing3,柜台 gui4tai2,怠慢
,,,深 shen1,滚 gun3,逮捕
,,,甚至 shen4zhi4,锅 guo1,担保
,,,生活 sheng1huo2,国庆节 Guo2qing4jie2,胆怯
,,,生命 sheng1ming4,国王 guo2wang2,诞辰
,,,生意 sheng1yi4,果然 guo3ran2,诞生
,,,省 sheng3,果实 guo3shi2,淡季
,,,剩 sheng4,过分 guo4fen4,淡水
,,,失败 shi1bai4,过敏 guo4min3,蛋白质
,,,失望 shi1wang4,过期 guo4//qi1,当场
,,,师傅 shi1fu5,哈 ha1,当初
,,,十分 shi2fen1,海关 hai3guan1,当代
,,,实际 shi2ji4,海鲜 hai3xian1,当面
,,,实在 shi2zai4,喊 han3,当前
,,,使 shi3,行业 hang2ye4,当事人
,,,使用 shi3yong4,豪华 hao2hua2,当务之急
,,,世纪 shi4ji4,好客 hao4ke4,当选
,,,是否 shi4fou3,好奇 hao4qi2,党
,,,适合 shi4he2,合法 he2fa3,档案
,,,适应 shi4ying4,合理 he2li3,档次
,,,收 shou1,合同 he2tong5,导弹
,,,收入 shou1ru4,合影 he2ying3,导航
,,,收拾 shou1shi5,合作 he2zuo4,导向
,,,首都 shou3du1,何必 he2bi4,捣乱
,,,首先 shou3xian1,何况 he2kuang4,倒闭
,,,受不了 shou4bu5liao3,和平 he2ping2,盗窃
,,,受到 shou4dao4,核心 he2xin1,稻谷
,,,售货员 shou4huo4yuan2,恨 hen4,得不偿失
,,,输 shu1,猴子 hou2zi5,得力
,,,熟悉 shu2xi5,后背 hou4bei4,得天独厚
,,,数量 shu4liang4,后果 hou4guo3,得罪
,,,数字 shu4zi4,呼吸 hu1xi1,灯笼
,,,帅 shuai4,忽然 hu1ran2,登陆
,,,顺便 shun4bian4,忽视 hu1shi4,登录
,,,顺利 shun4li4,胡说 hu2shuo1,蹬
,,,顺序 shun4xu4,胡同 hu2tong4,等候
,,,说明 shuo1ming2,壶 hu2,等级
,,,硕士 shuo4shi4,蝴蝶 hu2die2,瞪
,,,死 si3,糊涂 hu2tu5,堤坝
,,,速度 su4du4,花生 hua1sheng1,敌视
,,,塑料袋 su4liao4dai4,划 hua4,抵达
,,,酸 suan1,华裔 hua2yi4,抵抗
,,,随便 sui2//bian4,滑 hua2,抵制
,,,随着 sui2zhe5,化学 hua4xue2,地步
,,,孙子 sun1zi5,话题 hua4ti2,地势
,,,所有 suo3you3,怀念 huai2nian4,地质
,,,台 tai2,怀孕 huai2//yun4,递增
,,,抬 tai2,缓解 huan3jie3,颠簸
,,,态度 tai4du5,幻想 huan4xiang3,颠倒
,,,谈 tan2,慌张 huang1zhang1,典礼
,,,弹钢琴 tan2 gang1qin2,黄金 huang2jin1,典型
,,,汤 tang1,灰 hui1,点缀
,,,糖 tang2,灰尘 hui1chen2,电源
,,,躺 tang3,灰心 hui1//xin1,垫
,,,趟 tang4,挥 hui1,惦记
,,,讨论 tao3lun4,恢复 hui1fu4,奠定
,,,讨厌 tao3//yan4,汇率 hui4lü4,叼
,,,特点 te4dian3,婚礼 hun1li3,雕刻
,,,提 ti2,婚姻 hun1yin1,雕塑
,,,提供 ti2gong1,活跃 huo2yue4,吊
,,,提前 ti2qian2,火柴 huo3chai2,调动
,,,提醒 ti2//xing3,伙伴 huo3ban4,跌
,,,填空 tian2//kong4,或许 huo4xu3,丁
,,,条件 tiao2jian4,机器 ji1qi4,叮嘱
,,,停 ting2,肌肉 ji1rou4,盯
,,,挺 ting3,基本 ji1ben3,定期
,,,通过 tong1guo4,激烈 ji1lie4,定义
,,,通知 tong1zhi1,及格 ji2//ge2,丢人
,,,同情 tong2qing2,极其 ji2qi2,丢三落四
,,,同时 tong2shi2,急忙 ji2mang2,东道主
,,,推 tui1,急诊 ji2zhen3,东张西望
,,,推迟 tui1chi2,集合 ji2he2,董事长
,,,脱 tuo1,集体 ji2ti3,动荡
,,,袜子 wa4zi5,集中 ji2zhong1,动机
,,,完全 wan2quan2,计算 ji4suan4,动静
,,,网球 wang3qiu2,记录 ji4lu4,动力
,,,网站 wang3zhan4,记忆 ji4yi4,动脉
,,,往往 wang3wang3,纪录 ji4lu4,动身
,,,危险 wei1xian3,纪律 ji4lü4,动手
,,,卫生间 wei4sheng1jian1,纪念 ji4nian4,动态
,,,味道 wei4dao5,系领带 ji4ling3dai4,动员
,,,温度 wen1du4,寂寞 ji4mo4,冻结
,,,文章 wen2zhang1,夹子 jia1zi5,栋
,,,污染 wu1ran3,家庭 jia1ting2,兜
,,,无 wu2,家务 jia1wu4,陡峭
,,,无聊 wu2liao2,家乡 jia1xiang1,斗争
,,,无论 wu2lun4,嘉宾 jia1bin1,督促
,,,误会 wu4hui4,甲 jia3,毒品
,,,西红柿 xi1hong2shi4,假如 jia3ru2,独裁
,,,吸引 xi1yin3,假设 jia3she4,堵塞
,,,咸 xian2,假装 jia3zhuang1,赌博
,,,现金 xian4jin1,价值 jia4zhi2,杜绝
,,,羡慕 xian4mu4,驾驶 jia4shi3,端
,,,相反 xiang1fan3,嫁 jia4,端午节
,,,相同 xiang1tong2,坚决 jian1jue2,端正
,,,香 xiang1,坚强 jian1qiang2,短促
,,,详细 xiang2xi4,肩膀 jian1bang3,断定
,,,响 xiang3,艰巨 jian1ju4,断绝
,,,橡皮 xiang4pi2,艰苦 jian1ku3,堆积
,,,消息 xiao1xi5,兼职 jian1zhi2,队伍
,,,小吃 xiao3chi1,捡 jian3,对策
,,,小伙子 xiao3huo3zi5,剪刀 jian3dao1,对称
,,,小说 xiao3shuo1,简历 jian3li4,对付
,,,笑话 xiao4hua5,简直 jian3zhi2,对抗
,,,效果 xiao4guo3,建立 jian4li4,对立
,,,心情 xin1qing2,建设 jian4she4,对联
,,,辛苦 xin1ku3,建筑 jian4zhu4,对应
,,,信封 xin4feng1,健身 jian4//shen1,对照
,,,信息 xin4xi1,键盘 jian4pan2,兑现
,,,信心 xin4xin1,讲究 jiang3jiu5,顿时
,,,兴奋 xing1fen4,讲座 jiang3zuo4,多元化
,,,行 xing2,酱油 jiang4you2,哆嗦
,,,醒 xing3,交换 jiao1huan4,堕落
,,,幸福 xing4fu2,交际 jiao1ji4,额外
,,,性别 xing4bie2,交往 jiao1wang3,恶心
,,,性格 xing4ge2,浇 jiao1,恶化
,,,修理 xiu1li3,胶水 jiao1shui3,遏制
,,,许多 xu3duo1,角度 jiao3du4,恩怨
,,,学期 xue2qi1,狡猾 jiao3hua2,而已
,,,压力 ya1li4,教材 jiao4cai2,二氧化碳
,,,呀 ya1,教练 jiao4lian4,发布
,,,牙膏 ya2gao1,教训 jiao4xun5,发财
,,,亚洲 Ya4 Zhou1,阶段 jie1duan4,发呆
,,,严格 yan2ge2,结实 jie1shi5,发动
,,,严重 yan2zhong4,接触 jie1chu4,发觉
,,,研究 yan2jiu1,接待 jie1dai4,发射
,,,盐 yan2,接近 jie1jin4,发誓
,,,眼镜 yan3jing4,节省 jie2sheng3,发行
,,,演出 yan3chu1,结构 jie2gou4,发炎
,,,演员 yan3yuan2,结合 jie2he2,发扬
,,,阳光 yang2guang1,结论 jie2lun4,发育
,,,养成 yang3cheng2,结账 jie2//zhang4,法人
,,,样子 yang4zi5,戒 jie4,番
,,,邀请 yao1qing3,戒指 jie4zhi5,凡是
,,,要是 yao4shi5,届 jie4,繁华
,,,钥匙 yao4shi5,借口 jie4kou3,繁忙
,,,也许 ye3xu3,金属 jin1shu3,繁体字
,,,叶子 ye4zi5,尽快 jin3kuai4,繁殖
,,,页 ye4,尽量 jin3liang4,反驳
,,,一切 yi1qie4,紧急 jin3ji2,反常
,,,以 yi3,谨慎 jin3shen4,反感
,,,以为 yi3wei2,尽力 jin4//li4,反抗
,,,艺术 yi4shu4,进步 jin4bu4,反馈
,,,意见 yi4jian5,进口 jin4//kou3,反面
,,,因此 yin1ci3,近代 jin4dai4,反射
,,,引起 yin3qi3,经典 jing1dian3,反思
,,,印象 yin4xiang4,经商 jing1//shang1,反问
,,,赢 ying2,经营 jing1ying2,反之
,,,应聘 ying4pin4,精力 jing1li4,泛滥
,,,永远 yong3yuan3,精神 jing1shen2,范畴
,,,勇敢 yong3gan3,酒吧 jiu3ba1,贩卖
,,,优点 you1dian3,救 jiu4,方位
,,,优秀 you1xiu4,救护车 jiu4hu4che1,方言
,,,幽默 you1mo4,舅舅 jiu4jiu5,方圆
,,,尤其 you2qi2,居然 ju1ran2,方针
,,,由 you2,桔子 ju2zi5,防守
,,,由于 you2yu2,巨大 ju4da4,防御
,,,邮局 you2ju2,具备 ju4bei4,防止
,,,友好 you3hao3,具体 ju4ti3,防治
,,,友谊 you3yi4,俱乐部 ju4le4bu4,访问
,,,有趣 you3qu4,据说 ju4shuo1,纺织
,,,于是 yu2shi4,捐 juan1,放大
,,,愉快 yu2kuai4,决赛 jue2sai4,放射
,,,与 yu3,决心 jue2xin1,飞禽走兽
,,,羽毛球 yu3mao2qiu2,角色 jue2se4,飞翔
,,,语法 yu3fa3,绝对 jue2dui4,飞跃
,,,语言 yu3yan2,军事 jun1shi4,非法
,,,预习 yu4xi2,均匀 jun1yun2,肥沃
,,,原来 yuan2lai2,卡车 ka3che1,诽谤
,,,原谅 yuan2liang4,开发 kai1fa1,肺
,,,原因 yuan2yin1,开放 kai1fang4,废除
,,,约会 yue1hui4,开幕式 kai1mu4shi4,废寝忘食
,,,阅读 yue4du2,开水 kai1shui3,废墟
,,,云 yun2,砍 kan3,沸腾
,,,允许 yun3xu3,看不起 kan4bu5qi3,分辨
,,,杂志 za2zhi4,看望 kan4wang4,分寸
,,,咱们 zan2men5,靠 kao4,分红
,,,暂时 zan4shi2,颗 ke1,分解
,,,脏 zang4,可见 ke3jian4,分裂
,,,责任 ze2ren4,可靠 ke3kao4,分泌
,,,增加 zeng1jia1,可怕 ke3pa4,分明
,,,占线 zhan4//xian4,克 ke4,分歧
,,,招聘 zhao1pin4,克服 ke4fu2,分散
,,,照 zhao4,刻苦 ke4ku3,吩咐
,,,真正 zhen1zheng4,客观 ke4guan1,坟墓
,,,整理 zheng3li3,课程 ke4cheng2,粉末
,,,正常 zheng4chang2,空间 kong1jian1,粉色
,,,正好 zheng4hao3,空闲 kong4xian2,粉碎
,,,正确 zheng4que4,控制 kong4zhi4,分量
,,,正式 zheng4shi4,口味 kou3wei4,愤怒
,,,证明 zheng4ming2,夸 kua1,丰满
,,,之 zhi1,夸张 kua1zhang1,丰盛
,,,支持 zhi1chi2,会计 kuai4ji5,丰收
,,,知识 zhi1shi5,宽 kuan1,风暴
,,,直接 zhi2jie1,昆虫 kun1chong2,风度
,,,值得 zhi2//de5,扩大 kuo4da4,风光
,,,职业 zhi2ye4,辣椒 la4jiao1,风气
,,,植物 zhi2wu4,拦 lan2,风趣
,,,只好 zhi3hao3,烂 lan4,风土人情
,,,只要 zhi3yao4,朗读 lang3du2,风味
,,,指 zhi3,劳动 lao2dong4,封闭
,,,至少 zhi4shao3,劳驾 lao2//jia4,封建
,,,质量 zhi4liang4,老百姓 lao3bai3xing4,封锁
,,,重 zhong4,老板 lao3ban3,锋利
,,,重点 zhong4dian3,老婆 lao3po5,逢
,,,重视 zhong4shi4,老实 lao3shi5,奉献
,,,周围 zhou1wei2,老鼠 lao3shu3,否决
,,,主意 zhu3yi5,姥姥 lao3lao5,夫妇
,,,祝贺 zhu4he4,乐观 le4guan1,夫人
,,,著名 zhu4ming2,雷 lei2,敷衍
,,,专门 zhuan1men2,类型 lei4xing2,服从
,,,专业 zhuan1ye4,冷淡 leng3dan4,服气
,,,转 zhuan3,厘米 li2mi3,俘虏
,,,赚 zhuan4,离婚 li2//hun1,符号
,,,准确 zhun3que4,梨 li2,幅度
,,,准时 zhun3shi2,理论 li3lun4,辐射
,,,仔细 zi3xi4,理由 li3you2,福利
,,,自然 zi4ran2,力量 li4liang5,福气
,,,自信 zi4xin4,立即 li4ji2,抚摸
,,,总结 zong3jie2,立刻 li4ke4,抚养
,,,租 zu1,利润 li4run4,俯视
,,,最好 zui4hao3,利息 li4xi1,辅助
,,,尊重 zun1zhong4,利益 li4yi4,腐败
,,,左右 zuo3you4,利用 li4yong4,腐烂
,,,作家 zuo4jia1,连忙 lian2mang2,腐蚀
,,,作用 zuo4yong4,连续 lian2xu4,腐朽
,,,作者 zuo4zhe3,联合 lian2he2,负担
,,,座 zuo4,恋爱 lian4ai4,附和
,,,座位 zuo4wei4,良好 liang2hao3,附件
,,,,粮食 liang2shi5,附属
,,,,亮 liang4,复活
,,,,了不起 liao3bu5qi3,复兴
,,,,列车 lie4che1,副
,,,,临时 lin2shi2,赋予
,,,,灵活 ling2huo2,富裕
,,,,铃 ling2,腹泻
,,,,零件 ling2jian4,覆盖
,,,,零食 ling2shi2,改良
,,,,领导 ling3dao3,钙
,,,,领域 ling3yu4,盖章
,,,,浏览 liu2lan3,干旱
,,,,流传 liu2chuan2,干扰
,,,,流泪 liu2//lei4,干涉
,,,,龙 long2,干预
,,,,漏 lou4,尴尬
,,,,陆地 lu4di4,感慨
,,,,陆续 lu4xu4,感染
,,,,录取 lu4qu3,干劲
,,,,录音 lu4yin1,纲领
,,,,轮流 lun2liu2,岗位
,,,,论文 lun4wen2,港口
,,,,逻辑 luo2ji5,港湾
,,,,落后 luo4//hou4,杠杆
,,,,骂 ma4,高超
,,,,麦克风 mai4ke4feng1,高潮
,,,,馒头 man2tou5,高峰
,,,,满足 man3zu2,高明
,,,,毛病 mao2bing5,高尚
,,,,矛盾 mao2dun4,高涨
,,,,冒险 mao4//xian3,稿件
,,,,贸易 mao4yi4,告辞
,,,,眉毛 mei2mao5,告诫
,,,,媒体 mei2ti3,疙瘩
,,,,煤炭 mei2tan4,鸽子
,,,,美术 mei3shu4,搁
,,,,魅力 mei4li4,割
,,,,梦想 meng4xiang3,歌颂
,,,,秘密 mi4mi4,革命
,,,,秘书 mi4shu1,格局
,,,,密切 mi4qie4,格式
,,,,蜜蜂 mi4feng1,隔阂
,,,,面对 mian4dui4,隔离
,,,,面积 mian4ji1,个体
,,,,面临 mian4lin2,各抒己见
,,,,苗条 miao2tiao5,根深蒂固
,,,,描写 miao2xie3,根源
,,,,敏感 min3gan3,跟前
,,,,名牌 ming2pai2,跟随
,,,,名片 ming2pian4,跟踪
,,,,名胜古迹 ming2sheng4-gu3ji4,更新
,,,,明确 ming2que4,更正
,,,,明显 ming2xian3,耕地
,,,,明星 ming2xing1,工艺品
,,,,命令 ming4ling4,公安局
,,,,命运 ming4yun4,公道
,,,,摸 mo1,公告
,,,,模仿 mo2fang3,公关
,,,,模糊 mo2hu5,公民
,,,,模特 mo2te4,公然
,,,,摩托车 mo2tuo1che1,公认
,,,,陌生 mo4sheng1,公式
,,,,某 mou3,公务
,,,,木头 mu4tou5,公正
,,,,目标 mu4biao1,公证
,,,,目录 mu4lu4,功劳
,,,,目前 mu4qian2,功效
,,,,哪怕 na3pa4,攻击
,,,,难怪 nan2guai4,攻克
,,,,难免 nan2mian3,供不应求
,,,,脑袋 nao3dai5,供给
,,,,内部 nei4bu4,宫殿
,,,,内科 nei4ke1,恭敬
,,,,嫩 nen4,巩固
,,,,能干 neng2gan4,共和国
,,,,能源 neng2yuan2,共计
,,,,嗯 n2,共鸣
,,,,年代 nian2dai4,勾结
,,,,年纪 nian2ji4,钩子
,,,,念 nian4,构思
,,,,宁可 ning4ke3,孤独
,,,,牛仔裤 niu2zai3ku4,孤立
,,,,农村 nong2cun1,姑且
,,,,农民 nong2min2,辜负
,,,,农业 nong2ye4,古董
,,,,浓 nong2,古怪
,,,,女士 nü3shi4,股东
,,,,欧洲 ou1zhou1,股份
,,,,偶然 ou3ran2,骨干
,,,,拍 pai1,鼓动
,,,,派 pai4,固然
,,,,盼望 pan4wang4,固体
,,,,培训 pei2xun4,固有
,,,,培养 pei2yang3,固执
,,,,赔偿 pei2chang2,故乡
,,,,佩服 pei4fu5,故障
,,,,配合 pei4he2,顾虑
,,,,盆 pen2,顾问
,,,,碰 peng4,雇佣
,,,,批 pi1,拐杖
,,,,批准 pi1//zhun3,关怀
,,,,披 pi1,关照
,,,,疲劳 pi2lao2,观光
,,,,匹 pi3,官方
,,,,片 pian4,管辖
,,,,片面 pian4mian4,贯彻
,,,,飘 piao1,惯例
,,,,拼音 pin1yin1,灌溉
,,,,频道 pin2dao4,罐
,,,,平 ping2,光彩
,,,,平安 ping2an1,光辉
,,,,平常 ping2chang2,光芒
,,,,平等 ping2deng3,光荣
,,,,平方 ping2fang1,广阔
,,,,平衡 ping2heng2,归根到底
,,,,平静 ping2jing4,归还
,,,,平均 ping2jun1,规范
,,,,评价 ping2jia4,规格
,,,,凭 ping2,规划
,,,,迫切 po4qie4,规章
,,,,破产 po4chan3,轨道
,,,,破坏 po4huai4,贵族
,,,,期待 qi1dai4,跪
,,,,期间 qi1jian1,棍棒
,,,,其余 qi2yu2,国防
,,,,奇迹 qi2ji4,国务院
,,,,企业 qi3ye4,果断
,,,,启发 qi3fa1,过度
,,,,气氛 qi4fen1,过渡
,,,,汽油 qi4you2,过奖
,,,,谦虚 qian1xu1,过滤
,,,,签 qian1,过失
,,,,前途 qian2tu2,过问
,,,,浅 qian3,过瘾
,,,,欠 qian4,过于
,,,,枪 qiang1,嗨
,,,,强调 qiang2diao4,海拔
,,,,强烈 qiang2lie4,海滨
,,,,墙 qiang2,含糊
,,,,抢 qiang3,含义
,,,,悄悄 qiao1qiao1,寒暄
,,,,瞧 qiao2,罕见
,,,,巧妙 qiao3miao4,捍卫
,,,,切 qie1,行列
,,,,亲爱 qin1ai4,航空
,,,,亲切 qin1qie4,航天
,,,,亲自 qin1zi4,航行
,,,,勤奋 qin2fen4,毫米
,,,,青 qing1,毫无
,,,,青春 qing1chun1,豪迈
,,,,青少年 qing1shao4nian2,号召
,,,,轻视 qing1shi4,耗费
,,,,轻易 qing1yi4,呵
,,,,清淡 qing1dan4,合并
,,,,情景 qing2jing3,合成
,,,,情绪 qing2xu4,合伙
,,,,请求 qing3qiu2,合算
,,,,庆祝 qing4zhu4,和蔼
,,,,球迷 qiu2mi2,和解
,,,,趋势 qu1shi4,和睦
,,,,取消 qu3xiao1,和气
,,,,娶 qu3,和谐
,,,,去世 qu4shi4,嘿
,,,,圈 quan1,痕迹
,,,,权力 quan2li4,狠心
,,,,权利 quan2li4,恨不得
,,,,全面 quan2mian4,横
,,,,劝 quan4,哼
,,,,缺乏 que1fa2,轰动
,,,,确定 que4ding4,烘
,,,,确认 que4ren4,宏观
,,,,群 qun2,宏伟
,,,,燃烧 ran2shao1,洪水
,,,,绕 rao4,哄
,,,,热爱 re4ai4,喉咙
,,,,热烈 re4lie4,吼
,,,,热心 re4xin1,后代
,,,,人才 ren2cai2,后顾之忧
,,,,人口 ren2kou3,后勤
,,,,人类 ren2lei4,候选
,,,,人民币 ren2min2bi4,呼唤
,,,,人生 ren2sheng1,呼啸
,,,,人事 ren2shi4,呼吁
,,,,人物 ren2wu4,忽略
,,,,人员 ren2yuan2,胡乱
,,,,忍不住 ren3bu5zhu4,胡须
,,,,日常 ri4chang2,湖泊
,,,,日程 ri4cheng2,花瓣
,,,,日历 ri4li4,花蕾
,,,,日期 ri4qi1,华丽
,,,,日用品 ri4yong4pin3,华侨
,,,,日子 ri4zi5,化肥
,,,,如何 ru2he2,化石
,,,,如今 ru2jin1,化验
,,,,软 ruan3,化妆
,,,,软件 ruan3jian4,划分
,,,,弱 ruo4,画蛇添足
,,,,洒 sa3,话筒
,,,,嗓子 sang3zi5,欢乐
,,,,色彩 se4cai3,还原
,,,,杀 sha1,环节
,,,,沙漠 sha1mo4,缓和
,,,,沙滩 sha1tan1,患者
,,,,傻 sha3,荒凉
,,,,晒 shai4,荒谬
,,,,删除 shan1chu2,荒唐
,,,,闪电 shan3dian4,皇帝
,,,,扇子 shan4zi5,皇后
,,,,善良 shan4liang2,黄昏
,,,,善于 shan4yu2,恍然大悟
,,,,伤害 shang1hai4,晃
,,,,商品 shang1pin3,挥霍
,,,,商务 shang1wu4,辉煌
,,,,商业 shang1ye4,回报
,,,,上当 shang4//dang4,回避
,,,,蛇 she2,回顾
,,,,舍不得 she3bu5de5,回收
,,,,设备 she4bei4,悔恨
,,,,设计 she4ji4,毁灭
,,,,设施 she4shi1,汇报
,,,,射击 she4ji1,会晤
,,,,摄影 she4ying3,贿赂
,,,,伸 shen1,昏迷
,,,,身材 shen1cai2,荤
,,,,身份 shen1fen5,浑身
,,,,深刻 shen1ke4,混合
,,,,神话 shen2hua4,混乱
,,,,神秘 shen2mi4,混淆
,,,,升 sheng1,混浊
,,,,生产 sheng1chan3,活该
,,,,生动 sheng1dong4,活力
,,,,生长 sheng1zhang3,火箭
,,,,声调 sheng1diao4,火焰
,,,,绳子 sheng2zi5,火药
,,,,省略 sheng3lüe4,货币
,,,,胜利 sheng4li4,讥笑
,,,,失眠 shi1//mian2,饥饿
,,,,失去 shi1qu4,机动
,,,,失业 shi1//ye4,机构
,,,,诗 shi1,机灵
,,,,狮子 shi1zi5,机密
,,,,湿润 shi1run4,机械
,,,,石头 shi2tou5,机遇
,,,,时差 shi2cha1,机智
,,,,时代 shi2dai4,基地
,,,,时刻 shi2ke4,基金
,,,,时髦 shi2mao2,基因
,,,,时期 shi2qi1,激发
,,,,时尚 shi2shang4,激励
,,,,实话 shi2hua4,激情
,,,,实践 shi2jian4,及早
,,,,实习 shi2xi2,吉祥
,,,,实现 shi2xian4,级别
,,,,实验 shi2yan4,极端
,,,,实用 shi2yong4,极限
,,,,食物 shi2wu4,即便
,,,,使劲儿 shi3jin4r5,即将
,,,,始终 shi3zhong1,急功近利
,,,,士兵 shi4bing1,急剧
,,,,市场 shi4chang3,急切
,,,,似的 shi4de5,急于求成
,,,,事实 shi4shi2,急躁
,,,,事物 shi4wu4,疾病
,,,,事先 shi4xian1,集团
,,,,试卷 shi4juan4,嫉妒
,,,,收获 shou1huo4,籍贯
,,,,收据 shou1ju4,给予
,,,,手工 shou3gong1,计较
,,,,手术 shou3shu4,记性
,,,,手套 shou3tao4,记载
,,,,手续 shou3xu4,纪要
,,,,手指 shou3zhi3,技巧
,,,,首 shou3,忌讳
,,,,寿命 shou4ming4,季度
,,,,受伤 shou4//shang1,季军
,,,,书架 shu1jia4,迹象
,,,,梳子 shu1zi5,继承
,,,,舒适 shu1shi4,寄托
,,,,输入 shu1ru4,寂静
,,,,蔬菜 shu1cai4,加工
,,,,熟练 shu2lian4,加剧
,,,,属于 shu3yu2,夹杂
,,,,鼠标 shu3biao1,佳肴
,,,,数 shu4,家常
,,,,数据 shu4ju4,家伙
,,,,数码 shu4ma3,家属
,,,,摔倒 shuai1dao3,家喻户晓
,,,,甩 shuai3,尖端
,,,,双方 shuang1fang1,尖锐
,,,,税 shui4,坚定
,,,,说不定 shuo1bu5ding4,坚固
,,,,说服 shuo1//fu2,坚韧
,,,,丝绸 si1chou2,坚实
,,,,丝毫 si1hao2,坚硬
,,,,私人 si1ren2,艰难
,,,,思考 si1kao3,监督
,,,,思想 si1xiang3,监视
,,,,撕 si1,监狱
,,,,似乎 si4hu1,煎
,,,,搜索 sou1suo3,拣
,,,,宿舍 su4she4,检讨
,,,,随身 sui2shen1,检验
,,,,随时 sui2shi2,剪彩
,,,,随手 sui2shou3,简化
,,,,碎 sui4,简陋
,,,,损失 sun3shi1,简体字
,,,,缩短 suo1//duan3,简要
,,,,所 suo3,见多识广
,,,,锁 suo3,见解
,,,,台阶 tai2jie1,见闻
,,,,太极拳 tai4ji2quan2,见义勇为
,,,,太太 tai4tai5,间谍
,,,,谈判 tan2pan4,间隔
,,,,坦率 tan3shuai4,间接
,,,,烫 tang4,剑
,,,,逃 tao2,健全
,,,,逃避 tao2bi4,舰艇
,,,,桃 tao2,践踏
,,,,淘气 tao2//qi4,溅
,,,,讨价还价 tao3jia4-huan2jia4,鉴别
,,,,套 tao4,鉴定
,,,,特色 te4se4,鉴于
,,,,特殊 te4shu1,将近
,,,,特征 te4zheng1,将就
,,,,疼爱 teng2ai4,将军
,,,,提倡 ti2chang4,僵硬
,,,,提纲 ti2gang1,奖励
,,,,提问 ti2wen4,奖赏
,,,,题目 ti2mu4,桨
,,,,体会 ti3hui4,降临
,,,,体贴 ti3tie1,交叉
,,,,体现 ti3xian4,交代
,,,,体验 ti3yan4,交涉
,,,,天空 tian1kong1,交易
,,,,天真 tian1zhen1,娇气
,,,,调皮 tiao2pi2,焦点
,,,,调整 tiao2zheng3,焦急
,,,,挑战 tiao3//zhan4,角落
,,,,通常 tong1chang2,侥幸
,,,,统一 tong3yi1,搅拌
,,,,痛苦 tong4ku3,缴纳
,,,,痛快 tong4kuai5,较量
,,,,偷 tou1,教养
,,,,投入 tou2ru4,阶层
,,,,投资 tou2zi1,皆
,,,,透明 tou4ming2,接连
,,,,突出 tu1//chu1,揭露
,,,,土地 tu3di4,节制
,,,,土豆 tu3dou4,节奏
,,,,吐 tu3,杰出
,,,,吐 tu4,结晶
,,,,兔子 tu4zi5,结局
,,,,团 tuan2,结算
,,,,推辞 tui1ci2,截止
,,,,推广 tui1guang3,截至
,,,,推荐 tui1jian4,竭尽全力
,,,,退 tui4,解除
,,,,退步 tui4bu4,解放
,,,,退休 tui4xiu1,解雇
,,,,歪 wai1,解剖
,,,,外公 wai4gong1,解散
,,,,外交 wai4jiao1,解体
,,,,完美 wan2mei3,戒备
,,,,完善 wan2shan4,界限
,,,,完整 wan2zheng3,借鉴
,,,,玩具 wan2ju4,借助
,,,,万一 wan4yi1,金融
,,,,王子 wang2zi3,津津有味
,,,,网络 wang3luo4,紧迫
,,,,往返 wang3fan3,锦上添花
,,,,危害 wei1hai4,进而
,,,,威胁 wei1xie2,进攻
,,,,微笑 wei1xiao4,进化
,,,,违反 wei2fan3,进展
,,,,围巾 wei2jin1,近来
,,,,围绕 wei2rao4,晋升
,,,,唯一 wei2yi1,浸泡
,,,,维修 wei2xiu1,茎
,,,,伟大 wei3da4,经费
,,,,尾巴 wei3ba5,经纬
,,,,委屈 wei3qu5,惊动
,,,,未必 wei4bi4,惊奇
,,,,未来 wei4lai2,惊讶
,,,,位于 wei4yu2,兢兢业业
,,,,位置 wei4zhi5,精打细算
,,,,胃 wei4,精华
,,,,胃口 wei4kou3,精简
,,,,温暖 wen1nuan3,精密
,,,,温柔 wen1rou2,精确
,,,,文件 wen2jian4,精通
,,,,文具 wen2ju4,精心
,,,,文明 wen2ming2,精益求精
,,,,文学 wen2xue2,精致
,,,,文字 wen2zi4,井
,,,,闻 wen2,颈椎
,,,,吻 wen3,警告
,,,,稳定 wen3ding4,警惕
,,,,问候 wen4hou4,竞赛
,,,,卧室 wo4shi4,竞选
,,,,握手 wo4//shou3,敬礼
,,,,屋子 wu1zi5,敬业
,,,,无奈 wu2nai4,境界
,,,,无数 wu2shu4,镜头
,,,,无所谓 wu2suo3wei4,纠纷
,,,,武术 wu3shu4,纠正
,,,,勿 wu4,酒精
,,,,物理 wu4li3,救济
,,,,物质 wu4zhi4,就近
,,,,雾 wu4,就业
,,,,吸取 xi1qu3,就职
,,,,吸收 xi1shou1,拘留
,,,,戏剧 xi4ju4,拘束
,,,,系 xi4,居民
,,,,系统 xi4tong3,居住
,,,,细节 xi4jie2,鞠躬
,,,,瞎 xia1,局部
,,,,下载 xia4zai4,局面
,,,,吓 xia4,局势
,,,,夏令营 xia4ling4ying2,局限
,,,,鲜艳 xian1yan4,咀嚼
,,,,显得 xian3de5,沮丧
,,,,显然 xian3ran2,举动
,,,,显示 xian3shi4,举世瞩目
,,,,县 xian4,举足轻重
,,,,现代 xian4dai4,剧本
,,,,现实 xian4shi2,剧烈
,,,,现象 xian4xiang4,据悉
,,,,限制 xian4zhi4,聚精会神
,,,,相处 xiang1chu3,卷
,,,,相当 xiang1dang1,决策
,,,,相对 xiang1dui4,觉悟
,,,,相关 xiang1guan1,觉醒
,,,,相似 xiang1si4,绝望
,,,,香肠 xiang1chang2,倔强
,,,,享受 xiang3shou4,军队
,,,,想念 xiang3nian4,君子
,,,,想象 xiang3xiang4,卡通
,,,,项 xiang4,开采
,,,,项链 xiang4lian4,开除
,,,,项目 xiang4mu4,开阔
,,,,象棋 xiang4qi2,开朗
,,,,象征 xiang4zheng1,开明
,,,,消费 xiao1fei4,开辟
,,,,消化 xiao1hua4,开拓
,,,,消极 xiao1ji2,开展
,,,,消失 xiao1shi1,开支
,,,,销售 xiao1shou4,刊登
,,,,小麦 xiao3mai4,刊物
,,,,小气 xiao3qi5,勘探
,,,,孝顺 xiao4shun4,侃侃而谈
,,,,效率 xiao4lü4,砍伐
,,,,歇 xie1,看待
,,,,斜 xie2,慷慨
,,,,写作 xie3zuo4,扛
,,,,血 xue4,抗议
,,,,心理 xin1li3,考察
,,,,心脏 xin1zang4,考古
,,,,欣赏 xin1shang3,考核
,,,,信号 xin4hao4,考验
,,,,信任 xin4ren4,靠拢
,,,,行动 xing2dong4,科目
,,,,行人 xing2ren2,磕
,,,,行为 xing2wei2,可观
,,,,形成 xing2cheng2,可口
,,,,形容 xing2rong2,可恶
,,,,形式 xing2shi4,可行
,,,,形势 xing2shi4,渴望
,,,,形象 xing2xiang4,克制
,,,,形状 xing2zhuang4,刻不容缓
,,,,幸亏 xing4kui1,客户
,,,,幸运 xing4yun4,课题
,,,,性质 xing4zhi4,恳切
,,,,兄弟 xiong1di4,啃
,,,,胸 xiong1,坑
,,,,休闲 xiu1xian2,空洞
,,,,修改 xiu1gai3,空前绝后
,,,,虚心 xu1xin1,空想
,,,,叙述 xu4shu4,空虚
,,,,宣布 xuan1bu4,孔
,,,,宣传 xuan1chuan2,恐怖
,,,,学历 xue2li4,恐吓
,,,,学术 xue2shu4,恐惧
,,,,学问 xue2wen5,空白
,,,,寻找 xun2zhao3,空隙
,,,,询问 xun2wen4,口气
,,,,训练 xun4lian4,口腔
,,,,迅速 xun4su4,口头
,,,,押金 ya1jin1,口音
,,,,牙齿 ya2chi3,扣
,,,,延长 yan2chang2,枯萎
,,,,严肃 yan2su4,枯燥
,,,,演讲 yan3jiang3,哭泣
,,,,宴会 yan4hui4,苦尽甘来
,,,,阳台 yang2tai2,苦涩
,,,,痒 yang3,挎
,,,,样式 yang4shi4,跨
,,,,腰 yao1,快活
,,,,摇 yao2,宽敞
,,,,咬 yao3,宽容
,,,,要不 yao4bu4,款待
,,,,业务 ye4wu4,款式
,,,,业余 ye4yu2,筐
,,,,夜 ye4,旷课
,,,,一辈子 yi1bei4zi5,况且
,,,,一旦 yi1dan4,矿产
,,,,一律 yi1lü4,框架
,,,,一再 yi1zai4,亏待
,,,,一致 yi1zhi4,亏损
,,,,依然 yi1ran2,捆绑
,,,,移动 yi2dong4,扩充
,,,,移民 yi2min2,扩散
,,,,遗憾 yi2han4,扩张
,,,,疑问 yi2wen4,喇叭
,,,,乙 yi3,蜡烛
,,,,以及 yi3ji2,啦
,,,,以来 yi3lai2,来历
,,,,亿 yi4,来源
,,,,义务 yi4wu4,栏目
,,,,议论 yi4lun4,懒惰
,,,,意外 yi4wai4,狼狈
,,,,意义 yi4yi4,狼吞虎咽
,,,,因而 yin1er2,捞
,,,,因素 yin1su4,牢固
,,,,银 yin2,牢骚
,,,,印刷 yin4shua1,唠叨
,,,,英俊 ying1jun4,乐趣
,,,,英雄 ying1xiong2,乐意
,,,,迎接 ying2jie1,雷达
,,,,营养 ying2yang3,类似
,,,,营业 ying2ye4,冷酷
,,,,影子 ying3zi5,冷落
,,,,应付 ying4fu5,冷却
,,,,应用 ying4yong4,愣
,,,,硬 ying4,黎明
,,,,硬件 ying4jian4,礼节
,,,,拥抱 yong1bao4,礼尚往来
,,,,拥挤 yong1ji3,里程碑
,,,,勇气 yong3qi4,理睬
,,,,用功 yong4gong1,理所当然
,,,,用途 yong4tu2,理直气壮
,,,,优惠 you1hui4,理智
,,,,优美 you1mei3,力求
,,,,优势 you1shi4,力所能及
,,,,悠久 you1jiu3,力争
,,,,犹豫 you2yu4,历代
,,,,油炸 you2zha2,历来
,,,,游览 you2lan3,立场
,,,,有利 you3li4,立方
,,,,幼儿园 you4er2yuan2,立交桥
,,,,娱乐 yu2le4,立体
,,,,与其 yu3qi2,立足
,,,,语气 yu3qi4,利害
,,,,玉米 yu4mi3,例外
,,,,预报 yu4bao4,粒
,,,,预订 yu4ding4,连年
,,,,预防 yu4fang2,连锁
,,,,元旦 Yuan2dan4,连同
,,,,员工 yuan2gong1,联欢
,,,,原料 yuan2liao4,联络
,,,,原则 yuan2ze2,联盟
,,,,圆 yuan2,联想
,,,,愿望 yuan4wang4,廉洁
,,,,乐器 yue4qi4,良心
,,,,晕 yun1,谅解
,,,,运气 yun4qi5,晾
,,,,运输 yun4shu1,辽阔
,,,,运用 yun4yong4,列举
,,,,灾害 zai1hai4,临床
,,,,再三 zai4san1,淋
,,,,在乎 zai4hu5,吝啬
,,,,在于 zai4yu2,伶俐
,,,,赞成 zan4cheng2,灵感
,,,,赞美 zan4mei3,灵魂
,,,,糟糕 zao1gao1,灵敏
,,,,造成 zao4cheng2,凌晨
,,,,则 ze2,零星
,,,,责备 ze2bei4,领会
,,,,摘 zhai1,领事馆
,,,,窄 zhai3,领土
,,,,粘贴 zhan1tie1,领悟
,,,,展开 zhan3kai1,领先
,,,,展览 zhan3lan3,领袖
,,,,占 zhan4,溜
,,,,战争 zhan4zheng1,留恋
,,,,长辈 zhang3bei4,留念
,,,,涨 zhang3,留神
,,,,掌握 zhang3wo4,流浪
,,,,账户 zhang4hu4,流露
,,,,招待 zhao1dai4,流氓
,,,,着火 zhao2//huo3,流通
,,,,着凉 zhao2//liang2,聋哑
,,,,召开 zhao4kai1,隆重
,,,,照常 zhao4chang2,垄断
,,,,哲学 zhe2xue2,笼罩
,,,,针对 zhen1dui4,搂
,,,,珍惜 zhen1xi1,炉灶
,,,,真实 zhen1shi2,屡次
,,,,诊断 zhen3duan4,履行
,,,,阵 zhen4,掠夺
,,,,振动 zhen4dong4,轮船
,,,,争论 zheng1lun4,轮廓
,,,,争取 zheng1qu3,轮胎
,,,,征求 zheng1qiu2,论坛
,,,,睁 zheng1,论证
,,,,整个 zheng3ge4,啰唆
,,,,整齐 zheng3qi2,络绎不绝
,,,,整体 zheng3ti3,落成
,,,,正 zheng4,落实
,,,,证件 zheng4jian4,麻痹
,,,,证据 zheng4ju4,麻木
,,,,政府 zheng4fu3,麻醉
,,,,政治 zheng4zhi4,码头
,,,,挣 zheng1,蚂蚁
,,,,支 zhi1,嘛
,,,,支票 zhi1piao4,埋伏
,,,,执照 zhi2zhao4,埋没
,,,,直 zhi2,埋葬
,,,,指导 zhi3dao3,迈
,,,,指挥 zhi3hui1,脉搏
,,,,至今 zhi4jin1,埋怨
,,,,至于 zhi4yu2,蔓延
,,,,志愿者 zhi4yuan4zhe3,漫长
,,,,制定 zhi4ding4,漫画
,,,,制度 zhi4du4,慢性
,,,,制造 zhi4zao4,忙碌
,,,,制作 zhi4zuo4,盲目
,,,,治疗 zhi4liao2,茫茫
,,,,秩序 zhi4xu4,茫然
,,,,智慧 zhi4hui4,茂盛
,,,,中介 zhong1jie4,冒充
,,,,中心 zhong1xin1,冒犯
,,,,中旬 zhong1xun2,枚
,,,,种类 zhong3lei4,媒介
,,,,重大 zhong4da4,美观
,,,,重量 zhong4liang4,美满
,,,,周到 zhou1dao5,美妙
,,,,猪 zhu1,萌芽
,,,,竹子 zhu2zi5,猛烈
,,,,逐步 zhu2bu4,眯
,,,,逐渐 zhu2jian4,弥补
,,,,主持 zhu3chi2,弥漫
,,,,主动 zhu3dong4,迷惑
,,,,主观 zhu3guan1,迷人
,,,,主人 zhu3ren2,迷信
,,,,主任 zhu3ren4,谜语
,,,,主题 zhu3ti2,密度
,,,,主席 zhu3xi2,密封
,,,,主张 zhu3zhang1,棉花
,,,,煮 zhu3,免得
,,,,注册 zhu4//ce4,免疫
,,,,祝福 zhu4fu2,勉励
,,,,抓 zhua1,勉强
,,,,抓紧 zhua1//jin3,面貌
,,,,专家 zhuan1jia1,面子
,,,,专心 zhuan1xin1,描绘
,,,,转变 zhuan3bian4,瞄准
,,,,转告 zhuan3gao4,渺小
,,,,装 zhuang1,藐视
,,,,装饰 zhuang1shi4,灭亡
,,,,装修 zhuang1xiu1,蔑视
,,,,状况 zhuang4kuang4,民间
,,,,状态 zhuang4tai4,民主
,,,,撞 zhuang4,敏捷
,,,,追 zhui1,敏锐
,,,,追求 zhui1qiu2,名次
,,,,咨询 zi1xun2,名额
,,,,姿势 zi1shi4,名副其实
,,,,资格 zi1ge5,名誉
,,,,资金 zi1jin1,明明
,,,,资料 zi1liao4,明智
,,,,资源 zi1yuan2,命名
,,,,紫 zi3,摸索
,,,,自从 zi4cong2,模范
,,,,自动 zi4dong4,模式
,,,,自豪 zi4hao2,模型
,,,,自觉 zi4jue2,膜
,,,,自私 zi4si1,摩擦
,,,,自由 zi4you2,磨合
,,,,自愿 zi4yuan4,魔鬼
,,,,字母 zi4mu3,魔术
,,,,字幕 zi4mu4,抹杀
,,,,综合 zong1he2,莫名其妙
,,,,总裁 zong3cai2,墨水儿
,,,,总共 zong3gong4,默默
,,,,总理 zong3li3,谋求
,,,,总算 zong3suan4,模样
,,,,总统 zong3tong3,母语
,,,,总之 zong3zhi1,目睹
,,,,阻止 zu3zhi3,目光
,,,,组 zu3,沐浴
,,,,组成 zu3//cheng2,拿手
,,,,组合 zu3he2,纳闷儿
,,,,组织 zu3zhi1,耐用
,,,,最初 zui4chu1,南辕北辙
,,,,醉 zui4,难得
,,,,尊敬 zun1jing4,难堪
,,,,遵守 zun1shou3,难能可贵
,,,,作品 zuo4pin3,恼火
,,,,作为 zuo4wei2,内涵
,,,,作文 zuo4wen2,内幕
,,,,,内在
,,,,,能量
,,,,,拟定
,,,,,逆行
,,,,,年度
,,,,,捏
,,,,,凝固
,,,,,凝聚
,,,,,凝视
,,,,,拧
,,,,,宁肯
,,,,,宁愿
,,,,,扭转
,,,,,纽扣儿
,,,,,农历
,,,,,浓厚
,,,,,奴隶
,,,,,虐待
,,,,,挪
,,,,,哦
,,,,,殴打
,,,,,呕吐
,,,,,偶像
,,,,,趴
,,,,,排斥
,,,,,排除
,,,,,排放
,,,,,排练
,,,,,徘徊
,,,,,派别
,,,,,派遣
,,,,,攀登
,,,,,盘旋
,,,,,判决
,,,,,畔
,,,,,庞大
,,,,,抛弃
,,,,,泡沫
,,,,,培育
,,,,,配备
,,,,,配偶
,,,,,配套
,,,,,盆地
,,,,,烹饪
,,,,,捧
,,,,,批发
,,,,,批判
,,,,,劈
,,,,,皮革
,,,,,疲惫
,,,,,疲倦
,,,,,屁股
,,,,,譬如
,,,,,偏差
,,,,,偏见
,,,,,偏僻
,,,,,偏偏
,,,,,片断
,,,,,片刻
,,,,,漂浮
,,,,,飘扬
,,,,,撇
,,,,,拼搏
,,,,,拼命
,,,,,贫乏
,,,,,贫困
,,,,,频繁
,,,,,频率
,,,,,品尝
,,,,,品德
,,,,,品质
,,,,,品种
,,,,,平凡
,,,,,平面
,,,,,平坦
,,,,,平行
,,,,,平庸
,,,,,平原
,,,,,评估
,,,,,评论
,,,,,屏幕
,,,,,屏障
,,,,,坡
,,,,,泼
,,,,,颇
,,,,,迫不及待
,,,,,迫害
,,,,,破例
,,,,,魄力
,,,,,扑
,,,,,铺
,,,,,朴实
,,,,,朴素
,,,,,普及
,,,,,瀑布
,,,,,凄凉
,,,,,期望
,,,,,期限
,,,,,欺负
,,,,,欺骗
,,,,,齐全
,,,,,齐心协力
,,,,,奇妙
,,,,,歧视
,,,,,旗袍
,,,,,旗帜
,,,,,乞丐
,,,,,岂有此理
,,,,,企图
,,,,,启程
,,,,,启蒙
,,,,,启示
,,,,,启事
,,,,,起草
,,,,,起初
,,,,,起伏
,,,,,起哄
,,,,,起码
,,,,,起源
,,,,,气概
,,,,,气功
,,,,,气魄
,,,,,气色
,,,,,气势
,,,,,气味
,,,,,气象
,,,,,气压
,,,,,气质
,,,,,迄今为止
,,,,,器材
,,,,,器官
,,,,,掐
,,,,,洽谈
,,,,,恰当
,,,,,恰到好处
,,,,,恰巧
,,,,,千方百计
,,,,,迁就
,,,,,迁徙
,,,,,牵
,,,,,牵扯
,,,,,牵制
,,,,,谦逊
,,,,,签署
,,,,,前景
,,,,,前提
,,,,,潜力
,,,,,潜水
,,,,,潜移默化
,,,,,谴责
,,,,,强制
,,,,,抢劫
,,,,,抢救
,,,,,强迫
,,,,,桥梁
,,,,,窍门
,,,,,翘
,,,,,切实
,,,,,锲而不舍
,,,,,钦佩
,,,,,侵犯
,,,,,侵略
,,,,,亲密
,,,,,亲热
,,,,,勤俭
,,,,,勤劳
,,,,,倾听
,,,,,倾向
,,,,,倾斜
,,,,,清澈
,,,,,清晨
,,,,,清除
,,,,,清洁
,,,,,清理
,,,,,清晰
,,,,,清醒
,,,,,清真
,,,,,情报
,,,,,情节
,,,,,情理
,,,,,情形
,,,,,晴朗
,,,,,请柬
,,,,,请教
,,,,,请示
,,,,,请帖
,,,,,丘陵
,,,,,区分
,,,,,区域
,,,,,曲折
,,,,,驱逐
,,,,,屈服
,,,,,渠道
,,,,,曲子
,,,,,取缔
,,,,,趣味
,,,,,圈套
,,,,,权衡
,,,,,权威
,,,,,全局
,,,,,全力以赴
,,,,,拳头
,,,,,犬
,,,,,缺口
,,,,,缺席
,,,,,缺陷
,,,,,瘸
,,,,,确保
,,,,,确立
,,,,,确切
,,,,,确信
,,,,,群众
,,,,,染
,,,,,嚷
,,,,,让步
,,,,,饶恕
,,,,,扰乱
,,,,,惹祸
,,,,,热泪盈眶
,,,,,热门
,,,,,人道
,,,,,人格
,,,,,人工
,,,,,人家
,,,,,人间
,,,,,人士
,,,,,人为
,,,,,人性
,,,,,人质
,,,,,仁慈
,,,,,忍耐
,,,,,忍受
,,,,,认定
,,,,,认可
,,,,,任命
,,,,,任性
,,,,,任意
,,,,,任重道远
,,,,,仍旧
,,,,,日新月异
,,,,,日益
,,,,,荣幸
,,,,,荣誉
,,,,,容貌
,,,,,容纳
,,,,,容器
,,,,,容忍
,,,,,溶解
,,,,,融化
,,,,,融洽
,,,,,柔和
,,,,,揉
,,,,,儒家
,,,,,若干
,,,,,弱点
,,,,,撒谎
,,,,,散文
,,,,,散布
,,,,,散发
,,,,,丧失
,,,,,骚扰
,,,,,嫂子
,,,,,刹车
,,,,,啥
,,,,,筛选
,,,,,山脉
,,,,,闪烁
,,,,,擅长
,,,,,擅自
,,,,,伤脑筋
,,,,,商标
,,,,,上级
,,,,,上进
,,,,,上任
,,,,,上瘾
,,,,,上游
,,,,,尚且
,,,,,捎
,,,,,梢
,,,,,哨
,,,,,奢侈
,,,,,舌头
,,,,,设立
,,,,,设想
,,,,,设置
,,,,,社区
,,,,,涉及
,,,,,摄氏度
,,,,,申报
,,,,,呻吟
,,,,,绅士
,,,,,深奥
,,,,,深沉
,,,,,深情厚谊
,,,,,神经
,,,,,神奇
,,,,,神气
,,,,,神圣
,,,,,神态
,,,,,神仙
,,,,,审查
,,,,,审理
,,,,,审美
,,,,,审判
,,,,,渗透
,,,,,慎重
,,,,,生存
,,,,,生机
,,,,,生理
,,,,,生疏
,,,,,生态
,,,,,生物
,,,,,生肖
,,,,,生效
,,,,,生锈
,,,,,生育
,,,,,声明
,,,,,声势
,,,,,声誉
,,,,,牲畜
,,,,,省会
,,,,,胜负
,,,,,盛产
,,,,,盛开
,,,,,盛情
,,,,,盛行
,,,,,尸体
,,,,,失事
,,,,,失误
,,,,,失踪
,,,,,师范
,,,,,施加
,,,,,施展
,,,,,十足
,,,,,石油
,,,,,时常
,,,,,时而
,,,,,时光
,,,,,时机
,,,,,时事
,,,,,识别
,,,,,实惠
,,,,,实力
,,,,,实施
,,,,,实事求是
,,,,,实行
,,,,,实质
,,,,,拾
,,,,,使命
,,,,,示范
,,,,,示威
,,,,,示意
,,,,,世代
,,,,,势必
,,,,,势力
,,,,,事故
,,,,,事迹
,,,,,事件
,,,,,事态
,,,,,事务
,,,,,事项
,,,,,事业
,,,,,试图
,,,,,试验
,,,,,视力
,,,,,视频
,,,,,视线
,,,,,视野
,,,,,是非
,,,,,适宜
,,,,,逝世
,,,,,释放
,,,,,收藏
,,,,,收缩
,,,,,收益
,,,,,收音机
,,,,,手法
,,,,,手势
,,,,,手艺
,,,,,守护
,,,,,首饰
,,,,,首要
,,,,,受罪
,,,,,授予
,,,,,书法
,,,,,书籍
,,,,,书记
,,,,,书面
,,,,,舒畅
,,,,,疏忽
,,,,,疏远
,,,,,束
,,,,,束缚
,,,,,树立
,,,,,竖
,,,,,数额
,,,,,耍
,,,,,衰老
,,,,,衰退
,,,,,率领
,,,,,涮火锅
,,,,,双胞胎
,,,,,爽快
,,,,,水利
,,,,,水龙头
,,,,,水泥
,,,,,瞬间
,,,,,司法
,,,,,司令
,,,,,私自
,,,,,思念
,,,,,思索
,,,,,思维
,,,,,斯文
,,,,,死亡
,,,,,四肢
,,,,,寺庙
,,,,,饲养
,,,,,肆无忌惮
,,,,,耸
,,,,,艘
,,,,,苏醒
,,,,,俗话
,,,,,诉讼
,,,,,素食
,,,,,素质
,,,,,塑造
,,,,,算数
,,,,,随即
,,,,,随意
,,,,,岁月
,,,,,隧道
,,,,,损坏
,,,,,索取
,,,,,索性
,,,,,塌
,,,,,踏实
,,,,,塔
,,,,,台风
,,,,,太空
,,,,,泰斗
,,,,,贪婪
,,,,,贪污
,,,,,摊
,,,,,瘫痪
,,,,,弹性
,,,,,坦白
,,,,,叹气
,,,,,探测
,,,,,探索
,,,,,探讨
,,,,,探望
,,,,,倘若
,,,,,掏
,,,,,滔滔不绝
,,,,,陶瓷
,,,,,陶醉
,,,,,淘汰
,,,,,讨好
,,,,,特长
,,,,,特定
,,,,,特意
,,,,,提拔
,,,,,提炼
,,,,,提示
,,,,,提议
,,,,,题材
,,,,,体裁
,,,,,体积
,,,,,体谅
,,,,,体面
,,,,,体系
,,,,,天才
,,,,,天赋
,,,,,天伦之乐
,,,,,天然气
,,,,,天生
,,,,,天堂
,,,,,天文
,,,,,田径
,,,,,田野
,,,,,舔
,,,,,挑剔
,,,,,条款
,,,,,条理
,,,,,条约
,,,,,调和
,,,,,调剂
,,,,,调节
,,,,,调解
,,,,,调料
,,,,,挑拨
,,,,,挑衅
,,,,,跳跃
,,,,,亭子
,,,,,停泊
,,,,,停顿
,,,,,停滞
,,,,,挺拔
,,,,,通货膨胀
,,,,,通缉
,,,,,通俗
,,,,,通讯
,,,,,通用
,,,,,同胞
,,,,,同志
,,,,,铜
,,,,,童话
,,,,,统筹兼顾
,,,,,统计
,,,,,统统
,,,,,统治
,,,,,投机
,,,,,投票
,,,,,投诉
,,,,,投降
,,,,,投掷
,,,,,透露
,,,,,秃
,,,,,突破
,,,,,图案
,,,,,徒弟
,,,,,途径
,,,,,涂抹
,,,,,土壤
,,,,,团结
,,,,,团体
,,,,,团圆
,,,,,推测
,,,,,推翻
,,,,,推理
,,,,,推论
,,,,,推销
,,,,,吞吞吐吐
,,,,,托运
,,,,,拖延
,,,,,脱离
,,,,,妥当
,,,,,妥善
,,,,,妥协
,,,,,椭圆
,,,,,唾弃
,,,,,挖掘
,,,,,哇
,,,,,娃娃
,,,,,瓦解
,,,,,歪曲
,,,,,外表
,,,,,外行
,,,,,外界
,,,,,外向
,,,,,丸
,,,,,完备
,,,,,完毕
,,,,,玩弄
,,,,,玩意儿
,,,,,顽固
,,,,,顽强
,,,,,挽回
,,,,,挽救
,,,,,惋惜
,,,,,万分
,,,,,往常
,,,,,往事
,,,,,妄想
,,,,,危机
,,,,,威风
,,,,,威力
,,,,,威望
,,,,,威信
,,,,,微不足道
,,,,,微观
,,,,,为难
,,,,,为期
,,,,,违背
,,,,,唯独
,,,,,维持
,,,,,维护
,,,,,维生素
,,,,,伪造
,,,,,委托
,,,,,委员
,,,,,卫星
,,,,,未免
,,,,,畏惧
,,,,,喂
,,,,,蔚蓝
,,,,,慰问
,,,,,温带
,,,,,温和
,,,,,文凭
,,,,,文物
,,,,,文献
,,,,,文雅
,,,,,文艺
,,,,,问世
,,,,,窝
,,,,,乌黑
,,,,,污蔑
,,,,,诬陷
,,,,,无比
,,,,,无偿
,,,,,无耻
,,,,,无动于衷
,,,,,无非
,,,,,无辜
,,,,,无精打采
,,,,,无赖
,,,,,无理取闹
,,,,,无能为力
,,,,,无穷无尽
,,,,,无微不至
,,,,,无忧无虑
,,,,,无知
,,,,,武器
,,,,,武侠
,,,,,武装
,,,,,侮辱
,,,,,舞蹈
,,,,,务必
,,,,,物美价廉
,,,,,物业
,,,,,物资
,,,,,误差
,,,,,误解
,,,,,夕阳
,,,,,昔日
,,,,,牺牲
,,,,,溪
,,,,,熄灭
,,,,,膝盖
,,,,,习俗
,,,,,袭击
,,,,,媳妇
,,,,,喜闻乐见
,,,,,喜悦
,,,,,系列
,,,,,细胞
,,,,,细菌
,,,,,细致
,,,,,峡谷
,,,,,狭隘
,,,,,狭窄
,,,,,霞
,,,,,下属
,,,,,先进
,,,,,先前
,,,,,纤维
,,,,,掀起
,,,,,鲜明
,,,,,闲话
,,,,,贤惠
,,,,,弦
,,,,,衔接
,,,,,嫌
,,,,,嫌疑
,,,,,显著
,,,,,现场
,,,,,现成
,,,,,现状
,,,,,线索
,,,,,宪法
,,,,,陷害
,,,,,陷阱
,,,,,陷入
,,,,,馅儿
,,,,,乡镇
,,,,,相差
,,,,,相等
,,,,,相辅相成
,,,,,相应
,,,,,镶嵌
,,,,,响亮
,,,,,响应
,,,,,想方设法
,,,,,向导
,,,,,向来
,,,,,向往
,,,,,巷
,,,,,相声
,,,,,削
,,,,,消除
,,,,,消毒
,,,,,消防
,,,,,消耗
,,,,,消灭
,,,,,销毁
,,,,,潇洒
,,,,,小心翼翼
,,,,,肖像
,,,,,效益
,,,,,协会
,,,,,协商
,,,,,协调
,,,,,协议
,,,,,协助
,,,,,携带
,,,,,泄露
,,,,,泄气
,,,,,屑
,,,,,谢绝
,,,,,心得
,,,,,心甘情愿
,,,,,心灵
,,,,,心态
,,,,,心疼
,,,,,心血
,,,,,心眼儿
,,,,,辛勤
,,,,,欣慰
,,,,,欣欣向荣
,,,,,新陈代谢
,,,,,新郎
,,,,,新娘
,,,,,新颖
,,,,,薪水
,,,,,信赖
,,,,,信念
,,,,,信仰
,,,,,信誉
,,,,,兴隆
,,,,,兴旺
,,,,,腥
,,,,,刑事
,,,,,行政
,,,,,形态
,,,,,兴高采烈
,,,,,兴致勃勃
,,,,,性感
,,,,,性命
,,,,,性能
,,,,,凶恶
,,,,,凶手
,,,,,汹涌
,,,,,胸怀
,,,,,胸膛
,,,,,雄厚
,,,,,雄伟
,,,,,修复
,,,,,修建
,,,,,修养
,,,,,羞耻
,,,,,绣
,,,,,嗅觉
,,,,,须知
,,,,,虚假
,,,,,虚荣
,,,,,虚伪
,,,,,需求
,,,,,许可
,,,,,序言
,,,,,畜牧
,,,,,酗酒
,,,,,宣誓
,,,,,宣扬
,,,,,喧哗
,,,,,悬挂
,,,,,悬念
,,,,,悬殊
,,,,,悬崖峭壁
,,,,,旋律
,,,,,旋转
,,,,,选拔
,,,,,选举
,,,,,选手
,,,,,炫耀
,,,,,削弱
,,,,,学说
,,,,,学位
,,,,,雪上加霜
,,,,,血压
,,,,,熏陶
,,,,,寻觅
,,,,,巡逻
,,,,,循环
,,,,,循序渐进
,,,,,压迫
,,,,,压岁钱
,,,,,压缩
,,,,,压抑
,,,,,压榨
,,,,,压制
,,,,,鸦雀无声
,,,,,亚军
,,,,,烟花爆竹
,,,,,淹没
,,,,,延期
,,,,,延伸
,,,,,延续
,,,,,严寒
,,,,,严禁
,,,,,严峻
,,,,,严厉
,,,,,严密
,,,,,言论
,,,,,岩石
,,,,,炎热
,,,,,沿海
,,,,,掩盖
,,,,,掩护
,,,,,掩饰
,,,,,眼光
,,,,,眼色
,,,,,眼神
,,,,,演变
,,,,,演习
,,,,,演绎
,,,,,演奏
,,,,,厌恶
,,,,,验收
,,,,,验证
,,,,,氧气
,,,,,样品
,,,,,谣言
,,,,,摇摆
,,,,,摇滚
,,,,,遥控
,,,,,遥远
,,,,,要点
,,,,,要命
,,,,,要素
,,,,,耀眼
,,,,,野蛮
,,,,,野心
,,,,,液体
,,,,,一度
,,,,,一帆风顺
,,,,,一贯
,,,,,一举两得
,,,,,一流
,,,,,一目了然
,,,,,一如既往
,,,,,一丝不苟
,,,,,一向
,,,,,衣裳
,,,,,依旧
,,,,,依据
,,,,,依靠
,,,,,依赖
,,,,,依托
,,,,,仪器
,,,,,仪式
,,,,,遗产
,,,,,遗传
,,,,,遗留
,,,,,遗失
,,,,,疑惑
,,,,,以便
,,,,,以免
,,,,,以往
,,,,,以至
,,,,,以致
,,,,,亦
,,,,,异常
,,,,,意料
,,,,,意识
,,,,,意图
,,,,,意味着
,,,,,意向
,,,,,意志
,,,,,毅力
,,,,,毅然
,,,,,翼
,,,,,阴谋
,,,,,音响
,,,,,引导
,,,,,引擎
,,,,,引用
,,,,,饮食
,,,,,隐蔽
,,,,,隐患
,,,,,隐瞒
,,,,,隐私
,,,,,隐约
,,,,,英明
,,,,,英勇
,,,,,婴儿
,,,,,迎面
,,,,,盈利
,,,,,应酬
,,,,,应邀
,,,,,拥护
,,,,,拥有
,,,,,庸俗
,,,,,永恒
,,,,,勇于
,,,,,涌现
,,,,,踊跃
,,,,,用户
,,,,,优胜劣汰
,,,,,优先
,,,,,优异
,,,,,优越
,,,,,忧郁
,,,,,犹如
,,,,,油腻
,,,,,油漆
,,,,,有条不紊
,,,,,幼稚
,,,,,诱惑
,,,,,渔民
,,,,,愚蠢
,,,,,愚昧
,,,,,舆论
,,,,,与日俱增
,,,,,宇宙
,,,,,羽绒服
,,,,,玉
,,,,,预料
,,,,,预期
,,,,,预算
,,,,,预先
,,,,,预言
,,,,,预兆
,,,,,欲望
,,,,,寓言
,,,,,愈
,,,,,冤枉
,,,,,元首
,,,,,元素
,,,,,元宵节
,,,,,园林
,,,,,原告
,,,,,原理
,,,,,原始
,,,,,原先
,,,,,圆满
,,,,,缘故
,,,,,源泉
,,,,,约束
,,,,,乐谱
,,,,,岳母
,,,,,孕育
,,,,,运算
,,,,,运行
,,,,,酝酿
,,,,,蕴藏
,,,,,熨
,,,,,杂技
,,,,,杂交
,,,,,砸
,,,,,咋
,,,,,灾难
,,,,,栽培
,,,,,宰
,,,,,再接再厉
,,,,,在意
,,,,,攒
,,,,,暂且
,,,,,赞叹
,,,,,赞助
,,,,,遭受
,,,,,遭殃
,,,,,遭遇
,,,,,糟蹋
,,,,,造型
,,,,,噪音
,,,,,责怪
,,,,,贼
,,,,,增添
,,,,,赠送
,,,,,扎
,,,,,扎实
,,,,,渣
,,,,,眨
,,,,,诈骗
,,,,,摘要
,,,,,债券
,,,,,沾光
,,,,,瞻仰
,,,,,斩钉截铁
,,,,,展示
,,,,,展望
,,,,,展现
,,,,,崭新
,,,,,占据
,,,,,占领
,,,,,战斗
,,,,,战略
,,,,,战术
,,,,,战役
,,,,,章程
,,,,,帐篷
,,,,,障碍
,,,,,招标
,,,,,招收
,,,,,朝气蓬勃
,,,,,着迷
,,,,,沼泽
,,,,,照样
,,,,,照耀
,,,,,折腾
,,,,,遮挡
,,,,,折
,,,,,折磨
,,,,,侦探
,,,,,珍贵
,,,,,珍稀
,,,,,珍珠
,,,,,真理
,,,,,真相
,,,,,真挚
,,,,,斟酌
,,,,,枕头
,,,,,阵地
,,,,,阵容
,,,,,振奋
,,,,,振兴
,,,,,震撼
,,,,,震惊
,,,,,镇定
,,,,,镇静
,,,,,正月
,,,,,争端
,,,,,争夺
,,,,,争气
,,,,,争先恐后
,,,,,争议
,,,,,征服
,,,,,征收
,,,,,挣扎
,,,,,蒸发
,,,,,整顿
,,,,,正当
,,,,,正负
,,,,,正规
,,,,,正经
,,,,,正气
,,,,,正义
,,,,,正宗
,,,,,证实
,,,,,证书
,,,,,郑重
,,,,,政策
,,,,,政权
,,,,,症状
,,,,,之际
,,,,,支撑
,,,,,支出
,,,,,支流
,,,,,支配
,,,,,支援
,,,,,支柱
,,,,,枝
,,,,,知觉
,,,,,知足常乐
,,,,,脂肪
,,,,,执行
,,,,,执着
,,,,,直播
,,,,,直径
,,,,,侄子
,,,,,值班
,,,,,职能
,,,,,职位
,,,,,职务
,,,,,殖民地
,,,,,指标
,,,,,指定
,,,,,指甲
,,,,,指令
,,,,,指南针
,,,,,指示
,,,,,指望
,,,,,指责
,,,,,志气
,,,,,制裁
,,,,,制服
,,,,,制约
,,,,,制止
,,,,,治安
,,,,,治理
,,,,,致辞
,,,,,致力
,,,,,致使
,,,,,智力
,,,,,智能
,,,,,智商
,,,,,滞留
,,,,,中断
,,,,,中立
,,,,,中央
,,,,,忠诚
,,,,,忠实
,,,,,终点
,,,,,终究
,,,,,终身
,,,,,终止
,,,,,衷心
,,,,,肿瘤
,,,,,种子
,,,,,种族
,,,,,众所周知
,,,,,种植
,,,,,重心
,,,,,舟
,,,,,州
,,,,,周边
,,,,,周密
,,,,,周年
,,,,,周期
,,,,,周折
,,,,,周转
,,,,,粥
,,,,,昼夜
,,,,,皱纹
,,,,,株
,,,,,诸位
,,,,,逐年
,,,,,主办
,,,,,主导
,,,,,主管
,,,,,主流
,,,,,主权
,,,,,主义
,,,,,拄
,,,,,嘱咐
,,,,,助理
,,,,,助手
,,,,,住宅
,,,,,注射
,,,,,注视
,,,,,注释
,,,,,注重
,,,,,驻扎
,,,,,著作
,,,,,铸造
,,,,,拽
,,,,,拽
,,,,,专长
,,,,,专程
,,,,,专利
,,,,,专题
,,,,,砖
,,,,,转达
,,,,,转让
,,,,,转移
,,,,,转折
,,,,,传记
,,,,,庄稼
,,,,,庄严
,,,,,庄重
,,,,,装备
,,,,,装卸
,,,,,壮观
,,,,,壮丽
,,,,,壮烈
,,,,,幢
,,,,,追悼
,,,,,追究
,,,,,坠
,,,,,准则
,,,,,卓越
,,,,,着手
,,,,,着想
,,,,,着重
,,,,,琢磨
,,,,,姿态
,,,,,资本
,,,,,资产
,,,,,资深
,,,,,资助
,,,,,滋润
,,,,,滋味
,,,,,子弹
,,,,,自卑
,,,,,自发
,,,,,自力更生
,,,,,自满
,,,,,自主
,,,,,宗教
,,,,,宗旨
,,,,,棕色
,,,,,踪迹
,,,,,总而言之
,,,,,总和
,,,,,纵横
,,,,,走廊
,,,,,走漏
,,,,,走私
,,,,,揍
,,,,,租赁
,,,,,足以
,,,,,阻碍
,,,,,阻拦
,,,,,阻挠
,,,,,祖父
,,,,,祖国
,,,,,祖先
,,,,,钻研
,,,,,钻石
,,,,,嘴唇
,,,,,罪犯
,,,,,尊严
,,,,,遵循
,,,,,作弊
,,,,,作废
,,,,,作风
,,,,,作息
,,,,,座右铭
,,,,,做主