translation	vocab	tag
||o'clock||time||when||hour||season||period	时	hsk
||between||among||within a definite time or space||room||section of a room or lateral space between two pairs of pillars||classifier for rooms|||<b>jiàn</b>||gap||to separate||to thin out (seedlings)||to sow discontent	间	hsk
park	公园	test-entry
||dry||clean||in vain||dried food||foster||adoptive||to ignore|||<b>gān</b>||to concern||to interfere||shield||stem|||<b>gàn</b>||tree trunk||main part of sth||to manage||to work||to do||capable||cadre||to kill (slang)||to fuck (vulgar)||(coll.) pissed off||annoyed	干	hsk
||accurate||standard||definitely||certainly||about to become (bride, son-in-law etc)||quasi-||para-|||<b>zhǔn</b>||to allow||to grant||in accordance with||in the light of	准	hsk
||to prepare||get ready||to provide or equip	备	hsk
||currency unit (esp. Chinese yuan)||first||original||primary||fundamental||constituent||part||era (of a reign)||meta- (prefix)||(math.) argument||variable||(Tw) (geology) eon	元	hsk
||to go forward||to advance||to go in||to enter||to put in||to submit||to take in||to admit||(math.) base of a number system||classifier for sections in a building or residential compound	进	hsk
||(completed action marker)||(modal particle indicating change of state, situation now)||(modal particle intensifying preceding clause)|||<b>liǎo</b>||(of eyes) bright||clear-sighted||to understand clearly|||<b>liǎo</b>||to finish||to achieve||variant of 瞭|了[liao3]||to understand clearly	了	hsk
||(located) at||(to be) in||to exist||in the middle of doing sth||(indicating an action in progress)	在	hsk
||is||are||am||yes||to be	是	hsk
||I||me||my	我	hsk
"||one||1||single||a (article)||as soon as||entire||whole||all||throughout||""one"" radical in Chinese characters (Kangxi radical 1)||also pr. [yao1] for greater clarity when spelling out numbers digit by digit"	一	hsk
||to have||there is||there are||to exist||to be	有	hsk
||he or him||(used for either sex when the sex is unknown or unimportant)||(used before sb's name for emphasis)||(used as a meaningless mock object)||other||another	他	hsk
||this||these||(commonly pr. [zhei4] before a classifier, esp. in Beijing)	这	hsk
||individual||this||that||size||classifier for people or objects in general	个	hsk
"||and||together with||with||sum||union||peace||harmony||Taiwan pr. [han4] when it means ""and"" or ""with""|||<b>hè</b>||to compose a poem in reply (to sb's poem) using the same rhyme sequence||to join in the singing||to chime in with others"	和	hsk
||(negative prefix)||not||no	不	hsk
||at once||right away||only||just (emphasis)||as early as||already||as soon as||then||in that case||as many as||even if||to approach||to move towards||to undertake||to engage in||to suffer||subjected to||to accomplish||to take advantage of||to go with (of foods)||with regard to||concerning	就	hsk
||also||too||(in Classical Chinese) final particle implying affirmation	也	hsk
||person||people||CL:個|个[ge4],位[wei4]	人	hsk
||you (informal, as opposed to courteous 您[nin2])	你	hsk
||to speak||to say||to explain||to scold||to tell off||a theory (typically the last character in a compound, as in 日心說|日心说 heliocentric theory)	说	hsk
||plural marker for pronouns, and nouns referring to individuals	们	hsk
||on top||upon||above||upper||previous||first (of multiple parts)||to climb||to get onto||to go up||to attend (class or university)	上	hsk
||all||both||entirely||(used for emphasis) even||already||(not) at all|||<b>dū</b>||capital city||metropolis	都	hsk
||right||correct||couple||pair||towards||at||for||to face||opposite||to treat (sb a certain way)||to match together||to adjust||to fit||to suit||to answer||to reply||classifier: couple	对	hsk
||important||vital||to want||to ask for||will||going to (as future auxiliary)||may||must||(used in a comparison) must be||probably||if|||<b>yāo</b>||to demand||to request||to coerce	要	hsk
||point||dot||drop||speck||o'clock||point (in space or time)||to draw a dot||to check on a list||to choose||to order (food in a restaurant)||to touch briefly||to hint||to light||to ignite||to pour a liquid drop by drop||(old) one fifth of a two-hour watch 更[geng1]||dot stroke in Chinese characters||classifier for items	点	hsk
||to (a place)||until (a time)||up to||to go||to arrive||(verb complement denoting completion or result of an action)	到	hsk
"||many||much||often||a lot of||numerous||more||in excess||how (to what extent)||multi-||Taiwan pr. [duo2] when it means ""how"""	多	hsk
||can (i.e. have the skill, know how to)||likely to||sure to||to meet||to get together||meeting||gathering||union||group||association||a moment (Taiwan pr. for this sense is [hui3])|||<b>kuài</b>||to balance an account||accountancy||accounting	会	hsk
||aspect particle indicating action in progress|||<b>zháo</b>||to touch||to come in contact with||to feel||to be affected by||to catch fire||to burn||(coll.) to fall asleep||(after a verb) hitting the mark||succeeding in|||<b>zhuó</b>||to wear (clothes)||to contact||to use||to apply	着	hsk
||to come||to arrive||to come round||ever since||next	来	hsk
||she	她	hsk
||to pay back||to return|||<b>hái</b>||still||still in progress||still more||yet||even more||in addition||fairly||passably (good)||as early as||even||also||else	还	hsk
||(negative prefix for verbs)||have not||not|||<b>mò</b>||drowned||to end||to die||to inundate	没	hsk
||(adverb of degree)||quite||very||awfully	很	hsk
||good||well||proper||good to||easy to||very||so||(suffix indicating completion or readiness)||(of two people) close||on intimate terms||(after a personal pronoun) hello|||<b>hào</b>||to be fond of||to have a tendency to||to be prone to	好	hsk
||China||Chinese||surname Zhong|||<b>zhōng</b>||within||among||in||middle||center||while (doing sth)||during||(dialect) OK||all right|||<b>zhòng</b>||to hit (the mark)||to be hit by||to suffer||to win (a prize, a lottery)	中	hsk
||grain||harvest (old)||variant of 年[nian2]|||<b>nián</b>||year||CL:個|个[ge4]	年	hsk
||big||huge||large||major||great||wide||deep||older (than)||oldest||eldest||greatly||very much||(dialect) father||father's elder or younger brother	大	hsk
||to||for||for the benefit of||to give||to allow||to do sth (for sb)||(grammatical equivalent of 被)||(grammatical equivalent of 把)||(sentence intensifier)|||<b>jǐ</b>||to supply||to provide	给	hsk
||from||through||via||to follow||to obey||to engage in (an activity)||never (in negative sentence)||(Taiwan pr. [zong4]) retainer||assistant||auxiliary||subordinate||related by common paternal grandfather or earlier ancestor	从	hsk
||to see||to look at||to read||to watch||to visit||to call on||to consider||to regard as||to look after||to treat (an illness)||to depend on||to feel (that)||(after verb) to give it a try||Watch out! (for a danger)|||<b>kān</b>||to look after||to take care of||to watch||to guard	看	hsk
||to go||to go to (a place)||(of a time etc) last||just passed||to send||to remove||to get rid of||to reduce||to be apart from in space or time||to die (euphemism)||to play (a part)||(when used either before or after a verb) to go in order to do sth||(after a verb of motion indicates movement away from the speaker)||(used after certain verbs to indicate detachment or separation)	去	hsk
||can||to be able to||might possibly||ability||(physics) energy	能	hsk
||two||both||some||a few||tael, unit of weight equal to 50 grams (modern) or 1⁄16 of a catty 斤[jin1] (old)	两	hsk
||down||downwards||below||lower||later||next (week etc)||second (of two parts)||to decline||to go down||to arrive at (a decision, conclusion etc)||measure word to show the frequency of an action	下	hsk
||to do||to make||to produce||to write||to compose||to act as||to engage in||to hold (a party)||to be||to become||to function (in some capacity)||to serve as||to be used for||to form (a bond or relationship)||to pretend||to feign||to act a part||to put on appearance	做	hsk
||class||rank||grade||equal to||same as||to wait for||to await||et cetera||and so on||et al. (and other authors)||after||as soon as||once	等	hsk
||three||3	三	hsk
||Li (surname)|||<b>lǐ</b>||li, ancient measure of length, approx. 500 m||neighborhood||ancient administrative unit of 25 families||(Tw) borough, administrative unit between the township 鎮|镇[zhen4] and neighborhood 鄰|邻[lin2] levels|||<b>lǐ</b>||lining||interior||inside||internal||also written 裏|里[li3]	里	hsk
||to cross||to go over||to pass (time)||to celebrate (a holiday)||to live||to get along||excessively||too-|||<b>guo</b>||(experienced action marker)	过	hsk
||that||those||then (in that case)||commonly pr. [nei4] before a classifier, esp. in Beijing	那	hsk
||back||behind||rear||afterwards||after||later||post-|||<b>hòu</b>||empress||queen||(archaic) monarch||ruler	后	hsk
||to think||to believe||to suppose||to wish||to want||to miss (feel wistful about the absence of sb or sth)	想	hsk
||earth||ground||field||place||land||CL:片[pian4]|||<b>de</b>||-ly || structural particle: used before a verb or adjective, linking it to preceding modifying adverbial adjunct	地	hsk
||to use||to employ||to have to||to eat or drink||expense or outlay||usefulness||hence||therefore	用	hsk
||to go out||to come out||to occur||to produce||to go beyond||to rise||to put forth||to happen||(used after a verb to indicate an outward direction or a positive result)||classifier for dramas, plays, operas etc	出	hsk
||to appear||present||now||existing||current	现	hsk
||next in sequence||second||the second (day, time etc)||secondary||vice-||sub-||infra-||inferior quality||substandard||order||sequence||hypo- (chemistry)||classifier for enumerated events: time	次	hsk
||most||the most||-est (superlative suffix)	最	hsk
||what	什	hsk
||suffix, used to form interrogative 什麼|什么[shen2 me5], what?, indefinite 這麼|这么[zhe4 me5] thus, etc	么	hsk
||small||tiny||few||young	小	hsk
||moon||month||monthly||CL:個|个[ge4],輪|轮[lun2]	月	hsk
||day||sky||heaven	天	hsk
||work||worker||skill||profession||trade||craft||labor	工	hsk
||to do||to grow||to write or compose||to pretend||to regard as||to feel||writings or works	作	hsk
||home||family||(polite) my (sister, uncle etc)||classifier for families or businesses||refers to the philosophical schools of pre-Han China||noun suffix for a specialist in some activity, such as a musician or revolutionary, corresponding to English -ist, -er, -ary or -ian||CL:個|个[ge4]	家	hsk
||again||once more||re-||second||another||then (after sth, and not until then)||no matter how ... (followed by an adjective or verb, and then (usually) 也[ye3] or 都[dou1] for emphasis)	再	hsk
||front||forward||ahead||first||top (followed by a number)||future||ago||before||BC (e.g. 前293年)||former||formerly	前	hsk
||abbr. for Xinjiang 新疆[Xin1 jiang1] or Singapore 新加坡[Xin1 jia1 po1]||surname Xin|||<b>xīn</b>||new||newly||meso- (chemistry)	新	hsk
||to wait||to inquire after||to watch||season||climate||(old) period of five days	候	hsk
||classifier indicating a small amount or small number greater than 1: some, a few, several	些	hsk
||Belgium||Belgian||abbr. for 比利時|比利时[Bi3 li4 shi2]|||<b>bǐ</b>||to compare||(followed by a noun and adjective) more {adj.} than {noun}||ratio||to gesture||(Taiwan pr. [bi4] in some compounds derived from Classical Chinese)	比	hsk
||to walk||to go||to run||to move (of vehicle)||to visit||to leave||to go away||to die (euph.)||from||through||away (in compound verbs, such as 撤走[che4 zou3])||to change (shape, form, meaning)	走	hsk
||highest||greatest||too (much)||very||extremely	太	hsk
||to try to find||to look for||to call on sb||to find||to seek||to return||to give change	找	hsk
||four||4	四	hsk
||how much||how many||several||a few|||<b>jī</b>||almost|||<b>jī</b>||small table	几	hsk
||root||stem||origin||source||this||the current||original||inherent||originally||classifier for books, periodicals, files etc	本	hsk
||to beat||to strike||to hit||to break||to type||to mix up||to build||to fight||to fetch||to make||to tie up||to issue||to shoot||to calculate||to play (a game)||since||from|||<b>dá</b>||dozen (loanword)	打	hsk
"||particle indicating that a previously asked question is to be applied to the preceding word (""What about ...?"", ""And ...?"")||particle for inquiring about location (""Where is ...?"")||particle signaling a pause, to emphasize the preceding words and allow the listener time to take them on board (""ok?"", ""are you with me?"")||(at the end of a declarative sentence) particle indicating continuation of a state or action||particle indicating strong affirmation"	呢	hsk
||matter||thing||item||work||affair||CL:件[jian4],樁|桩[zhuang1],回[hui2]	事	hsk
||to rise||to raise||to get up||to set out||to start||to appear||to launch||to initiate (action)||to draft||to establish||to get (from a depot or counter)||verb suffix, to start||starting from (a time, place, price etc)||classifier for occurrences or unpredictable events: case, instance||classifier for groups: batch, group	起	hsk
||car||vehicle||CL:輛|辆[liang4]||machine||to shape with a lathe||Kangxi radical 159	车	hsk
||abbr. for 非洲[Fei1 zhou1], Africa|||<b>fēi</b>||to not be||not||wrong||incorrect||non-||un-||in-||to reproach or blame||(colloquial) to insist on||simply must	非	hsk
||always||ever||often||frequently||common||general||constant	常	hsk
||to know||to be aware	知	hsk
||road||path||CL:條|条[tiao2],股[gu3]||principle||truth||morality||reason||skill||method||Dao (of Daoism)||to say||to speak||to talk||classifier for long thin things (rivers, cracks etc), barriers (walls, doors etc), questions (in an exam etc), commands, courses in a meal, steps in a process||(old) circuit (administrative division)	道	hsk
||hand||(formal) to hold||person engaged in certain types of work||person skilled in certain types of work||personal(ly)||convenient||classifier for skill||CL:雙|双[shuang1],隻|只[zhi1]	手	hsk
||now||the present time||current||contemporary||this (day, year etc)	今	hsk
||five||5	五	hsk
||two||2||(Beijing dialect) stupid	二	hsk
"||(question particle for ""yes-no"" questions)"	吗	hsk
||really||truly||indeed||real||true||genuine	真	hsk
||heel||to follow closely||to go with||(of a woman) to marry sb||with||compared with||to||towards||and (joining two nouns)	跟	hsk
||child	孩	hsk
||(noun suffix)|||<b>zǐ</b>||son||child||seed||egg||small thing||1st earthly branch: 11 p.m.-1 a.m., midnight, 11th solar month (7th December to 5th January), year of the Rat||Viscount, fourth of five orders of nobility 五等爵位[wu3 deng3 jue2 wei4]||ancient Chinese compass point: 0° (north)	子	hsk
||high||tall||above average||loud||your (honorific)	高	hsk
||abbr. for 日本[Ri4 ben3], Japan|||<b>rì</b>||sun||day||date, day of the month	日	hsk
||to feel||to find that||thinking||awake||aware|||<b>jiào</b>||a nap||a sleep||CL:場|场[chang2]	觉	hsk
||structural particle: used after a verb (or adjective as main verb), linking it to following phrase indicating effect, degree, possibility etc|||<b>dé</b>||to obtain||to get||to gain||to catch (a disease)||proper||suitable||proud||contented||to allow||to permit||ready||finished|||<b>děi</b>||to have to||must||ought to||to need to	得	hsk
||(modal particle indicating suggestion or surmise)||...right?||...OK?||...I presume.|||<b>bā</b>||bar (loanword) (serving drinks, or providing Internet access etc)||to puff (on a pipe etc)||(onom.) bang||abbr. for 貼吧|贴吧[tie1 ba1]	吧	hsk
||dialect||language||spoken words||speech||talk||words||conversation||what sb said||CL:種|种[zhong3],席[xi2],句[ju4],口[kou3],番[fan1]	话	hsk
||coin||money||CL:筆|笔[bi3]||unit of weight, one tenth of a tael 兩|两[liang3]	钱	hsk
||to open||to start||to turn on||to boil||to write out (a prescription, check, invoice etc)||to operate (a vehicle)||carat (gold)||abbr. for Kelvin, 開爾文|开尔文[Kai1 er3 wen2]||abbr. for 開本|开本[kai1 ben3], book format	开	hsk
||classifier for years (of age)||year||year (of crop harvests)	岁	hsk
||to eat||to consume||to eat at (a cafeteria etc)||to eradicate||to destroy||to absorb||to suffer||to stammer (Taiwan pr. for this sense is [ji2])	吃	hsk
||body||life||oneself||personally||one's morality and conduct||the main part of a structure or body||pregnant||classifier for sets of clothes: suit, twinset||Kangxi radical 158	身	hsk
||heavy||serious||to attach importance to|||<b>chóng</b>||to repeat||repetition||again||re-||classifier: layer	重	hsk
||to love||to be fond of||to like||affection||to be inclined (to do sth)||to tend to (happen)	爱	hsk
||country||nation||state||national||CL:個|个[ge4]	国	hsk
||to buy||to purchase	买	hsk
||ordinal number||day of a month||mark||sign||business establishment||size||ship suffix||horn (wind instrument)||bugle call||assumed name||to take a pulse||classifier used to indicate number of people	号	hsk
||to be fond of||to like||to enjoy||to be happy||to feel pleased||happiness||delight||glad	喜	hsk
||a breed of horse||variant of 歡|欢[huan1]|||<b>huān</b>||hubbub||clamor||variant of 歡|欢[huan1]|||<b>huān</b>||joyous||happy||pleased	欢	hsk
||how	怎	hsk
||to divide||to separate||to distribute||to allocate||to distinguish (good and bad)||part or subdivision||fraction||one tenth (of certain units)||unit of length equivalent to 0.33 cm||minute (unit of time)||minute (angular measurement unit)||a point (in sports or games)||0.01 yuan (unit of money)|||<b>fèn</b>||part||share||ingredient||component	分	hsk
||who||also pr. [shui2]	谁	hsk
||to say||to tell||to announce||to report||to denounce||to file a lawsuit||to sue	告	hsk
||to complain||to sue||to tell	诉	hsk
||manner||pattern||way||appearance||shape||classifier: kind, type	样	hsk
||square||power or involution (math.)||upright||honest||fair and square||direction||side||party (to a contract, dispute etc)||place||method||prescription (medicine)||just when||only or just||classifier for square things||abbr. for square or cubic meter	方	hsk
||ten||10	十	hsk
||to see||to meet||to appear (to be sth)||to interview	见	hsk
||six||6	六	hsk
||to ask||to inquire	问	hsk
||to shout||to call||to order||to ask||to be called||by (indicates agent in the passive mood)	叫	hsk
||to circle||to go back||to turn around||to answer||to return||to revolve||Hui ethnic group (Chinese Muslims)||time||classifier for acts of a play||section or chapter (of a classic book)|||<b>huí</b>||to curve||to return||to revolve	回	hsk
||straight||upright||proper||main||principal||to correct||to rectify||exactly||just (at that time)||right (in that place)||(math.) positive	正	hsk
||rapid||quick||speed||rate||soon||almost||to make haste||clever||sharp (of knives or wits)||forthright||plainspoken||gratified||pleased||pleasant	快	hsk
||to live||to dwell||to stay||to reside||to stop||(suffix indicating firmness, steadiness, or coming to a halt)	住	hsk
||to ask||to invite||please (do sth)||to treat (to a meal etc)||to request	请	hsk
||water||river||liquid||beverage||additional charges or income||(of clothes) classifier for number of washes	水	hsk
||east||host (i.e. sitting on east side of guest)||landlord	东	hsk
||the West||abbr. for Spain 西班牙[Xi1 ban1 ya2]||Spanish|||<b>xī</b>||west	西	hsk
"||to listen||to hear||to obey||a can (loanword from English ""tin"")||classifier for canned beverages"	听	hsk
||prefix used before the surname of a person or a numeral indicating the order of birth of the children in a family or to indicate affection or familiarity||old (of people)||venerable (person)||experienced||of long standing||always||all the time||of the past||very||outdated||(of meat etc) tough	老	hsk
||machine||engine||opportunity||intention||aircraft||pivot||crucial point||flexible (quick-witted)||organic||CL:臺|台[tai2]	机	hsk
||lightning||electricity||electric (bound form)||to get (or give) an electric shock||phone call or telegram etc||to send via telephone or telegram etc	电	hsk
||to walk||to go||to travel||a visit||temporary||makeshift||current||in circulation||to do||to perform||capable||competent||effective||all right||OK!||will do||behavior||conduct||Taiwan pr. [xing4] for the behavior-conduct sense|||<b>háng</b>||row||line||commercial firm||line of business||profession||to rank (first, second etc) among one's siblings (by age)||(in data tables) row||(Tw) column	行	hsk
||friend	朋	hsk
||friend	友	hsk
||to hold||to seize||to catch||to apprehend||to take||(used in the same way as 把[ba3]: to mark the following noun as a direct object)	拿	hsk
||road||CL:條|条[tiao2]||journey||route||line (bus etc)||sort||kind	路	hsk
||outside||in addition||foreign||external	外	hsk
||to put||to place||to release||to free||to let go||to let out||to set off (fireworks)	放	hsk
||to learn||to study||to imitate||science||-ology	学	hsk
||school||military officer||CL:所[suo3]	校	hsk
||to leave||to depart||to separate||to distinguish||to classify||other||another||don't ...!||to pin||to stick (sth) in|||<b>biè</b>||to make sb change their ways, opinions etc	别	hsk
||station||to stand||to halt||to stop||branch of a company or organization||website	站	hsk
||to write	写	hsk
||early||prior||former||in advance||first	先	hsk
||you (courteous, as opposed to informal 你[ni3])	您	hsk
||female||woman||daughter	女	hsk
||to be born||to give birth||life||to grow||raw||uncooked||student	生	hsk
||gate||door||CL:扇[shan4]||gateway||doorway||CL:個|个[ge4]||opening||valve||switch||way to do something||knack||family||house||(religious) sect||school (of thought)||class||category||phylum or division (taxonomy)||classifier for large guns||classifier for lessons, subjects, branches of technology||(suffix) -gate (i.e. scandal; derived from Watergate)	门	hsk
||eight||8	八	hsk
||seven||7	七	hsk
||to deliver||to carry||to give (as a present)||to present (with)||to see off||to send	送	hsk
||flower||blossom||CL:朵[duo3],支[zhi1],束[shu4],把[ba3],盆[pen2],簇[cu4]||fancy pattern||florid||to spend (money, time)||(coll.) lecherous||lustful	花	hsk
||(prefix indicating ordinal number, e.g. first, number two etc)||order||(old) rank in the imperial examinations||mansion||(literary) but||just	第	hsk
||lump (of earth)||chunk||piece||classifier for pieces of cloth, cake, soap etc||(coll.) classifier for money and currency units	块	hsk
||to sit||to take a seat||to take (a bus, airplane etc)||to bear fruit||variant of 座[zuo4]	坐	hsk
||picture||image||film||movie||photograph||reflection||shadow||trace	影	hsk
||yesterday	昨	hsk
||laugh||smile||CL:個|个[ge4]	笑	hsk
||to introduce||to lie between||between||shell||armor	介	hsk
||to continue||to carry on	绍	hsk
||abbr. for 書經|书经[Shu1 jing1]|||<b>shū</b>||book||letter||document||CL:本[ben3],冊|册[ce4],部[bu4]||to write	书	hsk
||few||less||to lack||to be missing||to stop (doing sth)||seldom|||<b>shào</b>||young	少	hsk
||house with more than 1 story||storied building||floor||CL:層|层[ceng2],座[zuo4],棟|栋[dong4]	楼	hsk
||medical||medicine||doctor||to cure||to treat	医	hsk
||courtyard||institution||CL:個|个[ge4]	院	hsk
||early||morning||Good morning!||long ago||prematurely	早	hsk
||evening||night||late	晚	hsk
||male||Baron, lowest of five orders of nobility 五等爵位[wu3 deng3 jue2 wei4]||CL:個|个[ge4]	男	hsk
||(bound form) to practice||to study||habit||custom	习	hsk
||mouth||classifier for things with mouths (people, domestic animals, cannons, wells etc)||classifier for bites or mouthfuls	口	hsk
||to wear||to put on||to dress||to bore through||to pierce||to perforate||to penetrate||to pass through||to thread	穿	hsk
||7th earthly branch: 11 a.m.-1 p.m., noon, 5th solar month (6th June-6th July), year of the Horse||ancient Chinese compass point: 180° (south)	午	hsk
||to recognize||to know||to admit	认	hsk
||to know||knowledge||Taiwan pr. [shi4]	识	hsk
||difficult (to...)||problem||difficulty||difficult||not good|||<b>nàn</b>||disaster||distress||to scold	难	hsk
||ball||sphere||globe||CL:個|个[ge4]||ball game||match||CL:場|场[chang3]	球	hsk
||nine||9	九	hsk
||ma||mom||mother	妈	hsk
||steam||vapor	汽	hsk
||to run||to run away||to escape||to run around (on errands etc)||(of a gas or liquid) to leak or evaporate||(verb complement) away||off	跑	hsk
||(of sth) to move||to set in movement||to displace||to touch||to make use of||to stir (emotions)||to alter||abbr. for 動詞|动词[dong4 ci2], verb	动	hsk
||non-syllabic diminutive suffix||retroflex final|||<b>ér</b>||child||son	儿	hsk
||far||distant||remote||(intensifier in a comparison) by far||much (lower etc)	远	hsk
||to help||to assist||to support||for sb (i.e. as a help)||hired (as worker)||side (of pail, boat etc)||outer layer||upper (of a shoe)||group||gang||clique||party||secret society	帮	hsk
||to look at||to regard||to inspect	视	hsk
||teacher||master||expert||model||army division||(old) troops||to dispatch troops	师	hsk
||hundred||numerous||all kinds of	百	hsk
||half||semi-||incomplete||(after a number) and a half	半	hsk
||body||form||style||system||substance||to experience||aspect (linguistics)	体	hsk
||to drink||variant of 嗬[he1]|||<b>hè</b>||to shout	喝	hsk
||net||network	网	hsk
||letter||symbol||character||word||CL:個|个[ge4]||courtesy or style name traditionally given to males aged 20 in dynastic China	字	hsk
||cup||trophy cup||classifier for certain containers of liquids: glass, cup	杯	hsk
||to fly	飞	hsk
"||how||which|||<b>na</b>||(emphatic sentence-final particle, used instead of 啊[a5] after a word ending in ""n"")"	哪	hsk
||to cover||to wrap||to hold||to include||to take charge of||to contract (to or for)||package||wrapper||container||bag||to hold or embrace||bundle||packet||CL:個|个[ge4],隻|只[zhi1]	包	hsk
||brain||mind||head||essence	脑	hsk
||song||CL:支[zhi1],首[shou3]||to sing	歌	hsk
||mountain||hill||anything that resembles a mountain||CL:座[zuo4]||bundled straw in which silkworms spin cocoons||gable	山	hsk
||to warm up||to heat up||hot (of weather)||heat||fervent	热	hsk
||to sing||to call loudly||to chant	唱	hsk
||name||noun (part of speech)||place (e.g. among winners)||famous||classifier for people	名	hsk
||white||snowy||pure||bright||empty||blank||plain||clear||to make clear||in vain||gratuitous||free of charge||reactionary||anti-communist||funeral||to stare coldly||to write wrong character||to state||to explain||vernacular||spoken lines in opera	白	hsk
||illness||CL:場|场[chang2]||disease||to fall ill||defect	病	hsk
||ticket||ballot||banknote||CL:張|张[zhang1]||person held for ransom||amateur performance of Chinese opera||classifier for groups, batches, business transactions	票	hsk
||to sleep||to lie down	睡	hsk
||house||room||CL:間|间[jian1]||branch of an extended family||classifier for family members (or concubines)	房	hsk
||bright||opposite: dark 暗[an4]||(of meaning) clear||to understand||next||public or open||wise||generic term for a sacrifice to the gods|||<b>Míng</b>||Ming Dynasty (1368-1644)||surname Ming||Ming (c. 2000 BC), fourth of the legendary Flame Emperors, 炎帝[Yan2 di4] descended from Shennong 神農|神农[Shen2 nong2] Farmer God	明	hsk
||to differ from||to fall short of||lacking||wrong||inferior||Taiwan pr. [cha1]|||<b>chā</b>||difference||discrepancy||to differ||error||to err||to make a mistake|||<b>chāi</b>||to send||to commission||messenger||mission	差	hsk
||wind||news||style||custom||manner||CL:陣|阵[zhen4],絲|丝[si1]	风	hsk
||horse||CL:匹[pi3]||horse or cavalry piece in Chinese chess||knight in Western chess	马	hsk
||mistake||wrong||bad||interlocking||complex||to grind||to polish||to alternate||to stagger||to miss||to let slip||to evade||to inlay with gold or silver	错	hsk
||to read||to study||reading of word (i.e. pronunciation), similar to 拼音[pin1 yin1]	读	hsk
||reply||answer||return||respond||echo|||<b>dā</b>||to answer||to agree	答	hsk
||feeling or desire to do sth||interest in sth||excitement|||<b>xīng</b>||to rise||to flourish||to become popular||to start||to encourage||to get up||(often used in the negative) to permit or allow (dialect)||maybe (dialect)	兴	hsk
||to test||to try||experiment||examination||test	试	hsk
||father||dad||pa||papa	爸	hsk
||to teach|||<b>jiào</b>||religion||teaching||to make||to cause||to tell	教	hsk
||side||edge||margin||border||boundary||CL:個|个[ge4]||simultaneously|||<b>bian</b>||suffix of a noun of locality	边	hsk
||to thank||to apologize||to wither (of flowers, leaves etc)||to decline	谢	hsk
||to record||to note||to memorize||to remember||mark||sign||classifier for blows, kicks, shots	记	hsk
||team||class||squad||work shift||ranking||CL:個|个[ge4]||classifier for groups	班	hsk
||busy||hurriedly||to hurry||to rush	忙	hsk
||to beat||to hit||variant of 考[kao3]||to inspect||to test||to take an exam|||<b>kǎo</b>||to check||to verify||to test||to examine||to take an exam||to take an entrance exam for||deceased father	考	hsk
||south	南	hsk
||mountain pass||to close||to shut||to turn off||to concern||to involve	关	hsk
||(used in given names)||variant of 同[tong2]|||<b>tóng</b>||like||same||similar||together||alike||with	同	hsk
||clothes||CL:件[jian4]||Kangxi radical 145	衣	hsk
||clothes||dress||garment||to serve (in the military, a prison sentence etc)||to obey||to be convinced (by an argument)||to convince||to admire||to acclimatize||to take (medicine)||mourning clothes||to wear mourning clothes	服	hsk
||north||(classical) to be defeated	北	hsk
||dish (type of food)||vegetable||cuisine||CL:盤|盘[pan2],道[dao4]||(coll.) (one's) type||(of one's skills etc) weak||poor	菜	hsk
||bed||couch||classifier for beds||CL:張|张[zhang1]	床	hsk
||to rest||to stop doing sth for a period of time||to cease||(imperative) don't	休	hsk
||breath||news||interest (on an investment or loan)||to cease||to stop||to rest||Taiwan pr. [xi2]	息	hsk
||cold	冷	hsk
||meat||flesh||pulp (of a fruit)||(coll.) (of a fruit) squashy||(of a person) flabby||irresolute||Kangxi radical 130	肉	hsk
||zero||nought||zero sign||fractional||fragmentary||odd (of numbers)||(placed between two numbers to indicate a smaller quantity followed by a larger one)||fraction||(in mathematics) remainder (after division)||extra||to wither and fall||to wither	零	hsk
||bad||spoiled||broken||to break down||(suffix) to the utmost	坏	hsk
||tree||CL:棵[ke1]||to cultivate||to set up	树	hsk
||cooked rice||CL:碗[wan3]||meal||CL:頓|顿[dun4]||(loanword) fan||devotee	饭	hsk
||to forget||to overlook||to neglect	忘	hsk
||gas||air||smell||weather||to make angry||to annoy||to get angry||vital energy||qi	气	hsk
||right (-hand)||the Right (politics)||west (old)	右	hsk
||subject||course||CL:門|门[men2]||class||lesson||CL:堂[tang2],節|节[jie2]||to levy||tax||form of divination	课	hsk
||to wash||to bathe||to develop (photo)	洗	hsk
||left||the Left (politics)||east||unorthodox||queer||wrong||differing||opposite||variant of 佐[zuo3]	左	hsk
||tired||weary||to strain||to wear out||to work hard|||<b>lěi</b>||to accumulate||to involve or implicate (Taiwan pr. [lei4])||continuous||repeated	累	hsk
||hair||feather||down||wool||mildew||mold||coarse or semifinished||young||raw||careless||unthinking||nervous||scared||(of currency) to devalue or depreciate||classifier for Chinese fractional monetary unit ( = 角[jiao3] , = one-tenth of a yuan or 10 fen 分[fen1])	毛	hsk
||older sister	姐	hsk
||rain||CL:陣|阵[zhen4],場|场[chang2]	雨	hsk
||one side||other||different||lateral component of a Chinese character (such as 刂[dao1], 亻[ren2] etc)	旁	hsk
||abbr. for Beijing||surname Jing||Jing ethnic minority|||<b>jīng</b>||capital city of a country||big||algebraic term for a large number (old)||artificial mound (old)	京	hsk
||page||leaf	页	hsk
||expensive||noble||precious||(honorific) your	贵	hsk
||face||side||surface||aspect||top||classifier for objects with flat surfaces such as drums, mirrors, flags etc|||<b>miàn</b>||flour||noodles||(of food) soft (not crunchy)||(slang) (of a person) ineffectual||spineless	面	hsk
||elder brother	哥	hsk
||tea||tea plant||CL:杯[bei1],壺|壶[hu2]	茶	hsk
||slow	慢	hsk
||star||heavenly body||satellite||small amount	星	hsk
||a period of time||phase||stage||classifier for issues of a periodical, courses of study||time||term||period||to hope||Taiwan pr. [qi2]	期	hsk
||large place used for a specific purpose||stage||scene (of a play)||classifier for sporting or recreational activities||classifier for number of exams	场	hsk
||younger sister	妹	hsk
||fire||urgent||ammunition||fiery or flaming||internal heat (Chinese medicine)||hot (popular)||classifier for military units (old)||Kangxi radical 86	火	hsk
||younger brother||junior male||I (modest word in letter)	弟	hsk
||clean||completely||only||net (income, exports etc)||(Chinese opera) painted face male role	净	hsk
||breast||milk||to breastfeed|||<b>nǎi</b>||mother||variant of 奶[nai3]	奶	hsk
||to be hungry||hungry||to starve (sb)	饿	hsk
||fruit||result||resolute||indeed||if really	果	hsk
||diagram||picture||drawing||chart||map||CL:張|张[zhang1]||to plan||to scheme||to attempt||to pursue||to seek	图	hsk
||inn||shop||store||CL:家[jia1]	店	hsk
||grandpa||old gentleman	爷	hsk
||ox||cow||bull||CL:條|条[tiao2],頭|头[tou2]||newton (abbr. for 牛頓|牛顿[niu2 dun4])||(slang) awesome	牛	hsk
||commerce||merchant||dealer||to consult||2nd note in pentatonic scale||quotient (as in 智商[zhi4 shang1], intelligence quotient)|||<b>Shāng</b>||Shang Dynasty (c. 1600-1046 BC)||surname Shang	商	hsk
||building||shop||term for certain service establishments||embassy or consulate||schoolroom (old)||CL:家[jia1]	馆	hsk
||language||culture||writing||formal||literary||gentle||(old) classifier for coins||Kangxi radical 67	文	hsk
||table||desk||classifier for tables of guests at a banquet etc	桌	hsk
||fowl||chicken||CL:隻|只[zhi1]||(slang) prostitute	鸡	hsk
||egg||CL:個|个[ge4],打[da2]||oval-shaped thing	蛋	hsk
||to play||to have fun||to trifle with||toy||sth used for amusement||curio or antique (Taiwan pr. [wan4])||to keep sth for entertainment	玩	hsk
||system||department||faculty|||<b>xì</b>||to connect||to arrest||to worry|||<b>xì</b>||to connect||to relate to||to tie up||to bind||to be (literary)|||<b>jì</b>||to tie||to fasten||to button up	系	hsk
||vacation|||<b>jiǎ</b>||fake||false||artificial||to borrow||if||suppose	假	hsk
||dialect||language||speech	语	hsk
||Han ethnic group||Chinese (language)||the Han dynasty (206 BC-220 AD)|||<b>hàn</b>||man	汉	hsk
||customer||visitor||guest	客	hsk
||thirsty	渴	hsk
||rice||CL:粒[li4]||meter (classifier)	米	hsk
||strip||item||article||clause (of law or treaty)||classifier for long thin things (ribbon, river, road, trousers etc)	条	hsk
||of||~'s (possessive particle)||(used after an attribute)||(used to form a nominal expression)||(used at the end of a declarative sentence for emphasis)||also pr. [di4] or [di5] in poetry and songs	的	hsk
||(completed action marker)||(modal particle indicating change of state, situation now)||(modal particle intensifying preceding clause)	了	hsk
||is||are||am||yes||to be|||<b>shì</b>||variant of 是[shi4]||(used in given names)	是	hsk
||individual||this||that||size||classifier for people or objects in general|||<b>gè</b>||variant of 個|个[ge4]	个	hsk
"||and||together with||with||sum||union||peace||harmony||Taiwan pr. [han4] when it means ""and"" or ""with""|||<b>hé</b>||old variant of 和[he2]|||<b>hé</b>||old variant of 和[he2]||harmonious|||<b>Hé</b>||surname He||Japanese (food, clothes etc)"	和	hsk
||also||too||(in Classical Chinese) final particle implying affirmation|||<b>Yě</b>||surname Ye	也	hsk
||to speak||to say||to explain||to scold||to tell off||a theory (typically the last character in a compound, as in 日心說|日心说 heliocentric theory)|||<b>shuō</b>||variant of 說|说[shuo1]	说	hsk
||we||us||ourselves||our	我们	hsk
||all||both||entirely||(used for emphasis) even||already||(not) at all	都	hsk
||important||vital||to want||to ask for||will||going to (as future auxiliary)||may||must||(used in a comparison) must be||probably||if	要	hsk
||can (i.e. have the skill, know how to)||likely to||sure to||to meet||to get together||meeting||gathering||union||group||association||a moment (Taiwan pr. for this sense is [hui3])	会	hsk
||aspect particle indicating action in progress	着	hsk
||surname Huan|||<b>huán</b>||to pay back||to return	还	hsk
||still||still in progress||still more||yet||even more||in addition||fairly||passably (good)||as early as||even||also||else	还	hsk
||haven't||hasn't||doesn't exist||to not have||to not be	没有	hsk
||good||well||proper||good to||easy to||very||so||(suffix indicating completion or readiness)||(of two people) close||on intimate terms||(after a personal pronoun) hello	好	hsk
||China||Chinese||surname Zhong|||<b>zhōng</b>||within||among||in||middle||center||while (doing sth)||during||(dialect) OK||all right	中	hsk
||grain||harvest (old)||variant of 年[nian2]|||<b>Nián</b>||surname Nian|||<b>nián</b>||year||CL:個|个[ge4]	年	hsk
||they	他们	hsk
||to||for||for the benefit of||to give||to allow||to do sth (for sb)||(grammatical equivalent of 被)||(grammatical equivalent of 把)||(sentence intensifier)	给	hsk
||from||through||via||to follow||to obey||to engage in (an activity)||never (in negative sentence)||(Taiwan pr. [zong4]) retainer||assistant||auxiliary||subordinate||related by common paternal grandfather or earlier ancestor|||<b>Cóng</b>||surname Cong	从	hsk
||to see||to look at||to read||to watch||to visit||to call on||to consider||to regard as||to look after||to treat (an illness)||to depend on||to feel (that)||(after verb) to give it a try||Watch out! (for a danger)	看	hsk
||can||to be able to||might possibly||ability||(physics) energy|||<b>Néng</b>||surname Neng	能	hsk
||surname San|||<b>sān</b>||three||3	三	hsk
||Li (surname)|||<b>lǐ</b>||li, ancient measure of length, approx. 500 m||neighborhood||ancient administrative unit of 25 families||(Tw) borough, administrative unit between the township 鎮|镇[zhen4] and neighborhood 鄰|邻[lin2] levels|||<b>lǐ</b>||lining||interior||inside||internal||also written 裏|里[li3]|||<b>lǐ</b>||variant of 裡|里[li3]	里	hsk
||surname Guo|||<b>guò</b>||to cross||to go over||to pass (time)||to celebrate (a holiday)||to live||to get along||excessively||too-	过	hsk
||back||behind||rear||afterwards||after||later||post-|||<b>hòu</b>||empress||queen||(archaic) monarch||ruler|||<b>Hòu</b>||surname Hou	后	hsk
||-ly || structural particle: used before a verb or adjective, linking it to preceding modifying adverbial adjunct	地	hsk
||earth||ground||field||place||land||CL:片[pian4]	地	hsk
||to go out||to come out||to occur||to produce||to go beyond||to rise||to put forth||to happen||(used after a verb to indicate an outward direction or a positive result)||classifier for dramas, plays, operas etc|||<b>chū</b>||variant of 出[chu1] (classifier for plays or chapters of classical novels)	出	hsk
||now||at present||at the moment||modern||current||nowadays	现在	hsk
||most||the most||-est (superlative suffix)|||<b>zuì</b>||old variant of 最[zui4]|||<b>zuì</b>||variant of 最[zui4]	最	hsk
||what?||something||anything	什么	hsk
||to work||(of a machine) to operate||job||work||task||CL:個|个[ge4],份[fen4],項|项[xiang4]	工作	hsk
||home||family||(polite) my (sister, uncle etc)||classifier for families or businesses||refers to the philosophical schools of pre-Han China||noun suffix for a specialist in some activity, such as a musician or revolutionary, corresponding to English -ist, -er, -ary or -ian||CL:個|个[ge4]|||<b>jiā</b>||see 傢伙|家伙[jia1 huo5]	家	hsk
||(negative prefix for verbs)||have not||not	没	hsk
||time||period||CL:段[duan4]	时间	hsk
||time||length of time||moment||period	时候	hsk
||these	这些	hsk
||or||still||nevertheless||had better	还是	hsk
||to find	找到	hsk
||some||a few||a little||(following an adjective) slightly ...er	一些	hsk
||how much||how many||several||a few	几	hsk
||to beat||to strike||to hit||to break||to type||to mix up||to build||to fight||to fetch||to make||to tie up||to issue||to shoot||to calculate||to play (a game)||since||from	打	hsk
||furthermore||in addition||still||also	还有	hsk
||car||vehicle||CL:輛|辆[liang4]||machine||to shape with a lathe||Kangxi radical 159|||<b>Chē</b>||surname Che	车	hsk
||very||very much||unusual||extraordinary	非常	hsk
||to know||to become aware of||also pr. [zhi1 dao5]	知道	hsk
||to see	看到	hsk
||today||at the present||now	今天	hsk
||child	孩子	hsk
||high||tall||above average||loud||your (honorific)|||<b>Gāo</b>||surname Gao	高	hsk
||to think||to feel	觉得	hsk
||true||real	真的	hsk
||(modal particle indicating suggestion or surmise)||...right?||...OK?||...I presume.	吧	hsk
||dialect||language||spoken words||speech||talk||words||conversation||what sb said||CL:種|种[zhong3],席[xi2],句[ju4],口[kou3],番[fan1]|||<b>huà</b>||old variant of 話|话[hua4]	话	hsk
||coin||money||CL:筆|笔[bi3]||unit of weight, one tenth of a tael 兩|两[liang3]|||<b>Qián</b>||surname Qian	钱	hsk
||in the same place||together||with||altogether (in total)	一起	hsk
||classifier for years (of age)||year||year (of crop harvests)|||<b>suì</b>||variant of 歲|岁[sui4], year||years old	岁	hsk
||to eat||to consume||to eat at (a cafeteria etc)||to eradicate||to destroy||to absorb||to suffer||to stammer (Taiwan pr. for this sense is [ji2])|||<b>chī</b>||variant of 吃[chi1]	吃	hsk
||on the body||at hand||among	身上	hsk
||important||significant||major	重要	hsk
||country||nation||state||CL:個|个[ge4]	国家	hsk
||(after a verb) indicating the beginning and continuation of an action or a state||indicating an upward movement (e.g. after 站[zhan4])||indicating completion||(after a perception verb, e.g. 看[kan4]) expressing preliminary judgment||also pr. [qi3 lai5]|||<b>qǐ lai</b>||to stand up||to get up||also pr. [qi3 lai2]	起来	hsk
||final||last||finally||ultimate	最后	hsk
||to like||to be fond of	喜欢	hsk
||how?||what?||why?|||<b>zěn me</b>||variant of 怎麼|怎么[zen3 me5]	怎么	hsk
||to divide||to separate||to distribute||to allocate||to distinguish (good and bad)||part or subdivision||fraction||one tenth (of certain units)||unit of length equivalent to 0.33 cm||minute (unit of time)||minute (angular measurement unit)||a point (in sports or games)||0.01 yuan (unit of money)	分	hsk
||to tell||to inform||to let know	告诉	hsk
||same||like||equal to||the same as||just like	一样	hsk
||area||place||space||room||territory||CL:處|处[chu4],個|个[ge4],塊|块[kuai4]	地方	hsk
||here|||<b>zhè lǐ</b>||variant of 這裡|这里[zhe4 li3]	这里	hsk
||to shout||to call||to order||to ask||to be called||by (indicates agent in the passive mood)|||<b>jiào</b>||variant of 叫[jiao4]	叫	hsk
||to come out||to appear||to arise	出来	hsk
||to get||to obtain||to receive	得到	hsk
||to circle||to go back||to turn around||to answer||to return||to revolve||Hui ethnic group (Chinese Muslims)||time||classifier for acts of a play||section or chapter (of a classic book)|||<b>huí</b>||to curve||to return||to revolve|||<b>huí</b>||variant of 迴|回[hui2]	回	hsk
||surname Shui|||<b>shuǐ</b>||water||river||liquid||beverage||additional charges or income||(of clothes) classifier for number of washes	水	hsk
||thing||stuff||person||CL:個|个[ge4],件[jian4]	东西	hsk
||cell phone||mobile phone||CL:部[bu4],支[zhi1]	手机	hsk
||telephone||CL:部[bu4]||phone call||CL:通[tong1]||phone number	电话	hsk
||to walk||to go||to travel||a visit||temporary||makeshift||current||in circulation||to do||to perform||capable||competent||effective||all right||OK!||will do||behavior||conduct||Taiwan pr. [xing4] for the behavior-conduct sense	行	hsk
||friend||CL:個|个[ge4],位[wei4]	朋友	hsk
||old variant of 拿[na2]|||<b>ná</b>||to hold||to seize||to catch||to apprehend||to take||(used in the same way as 把[ba3]: to mark the following noun as a direct object)|||<b>ná</b>||variant of 拿[na2]	拿	hsk
||you (plural)	你们	hsk
||road||CL:條|条[tiao2]||journey||route||line (bus etc)||sort||kind|||<b>Lù</b>||surname Lu	路	hsk
||China	中国	hsk
||school||CL:所[suo3]	学校	hsk
||else||other	别的	hsk
||preparation||to prepare||to intend||to be about to||reserve (fund)	准备	hsk
||currency unit (esp. Chinese yuan)||first||original||primary||fundamental||constituent||part||era (of a reign)||meta- (prefix)||(math.) argument||variable||(Tw) (geology) eon|||<b>Yuán</b>||surname Yuan||the Yuan or Mongol dynasty (1279-1368)	元	hsk
||just at (that time)||right in (that place)||right in the middle of (doing sth)	正在	hsk
||hour||CL:個|个[ge4]	小时	hsk
||some||somewhat	有些	hsk
||student||schoolchild	学生	hsk
||gate||door||CL:扇[shan4]||gateway||doorway||CL:個|个[ge4]||opening||valve||switch||way to do something||knack||family||house||(religious) sect||school (of thought)||class||category||phylum or division (taxonomy)||classifier for large guns||classifier for lessons, subjects, branches of technology||(suffix) -gate (i.e. scandal; derived from Watergate)|||<b>Mén</b>||surname Men	门	hsk
||those	那些	hsk
||flower||blossom||CL:朵[duo3],支[zhi1],束[shu4],把[ba3],盆[pen2],簇[cu4]||fancy pattern||florid||to spend (money, time)||(coll.) lecherous||lustful|||<b>huā</b>||old variant of 花[hua1]|||<b>Huā</b>||surname Hua|||<b>huā</b>||variant of 花[hua1]||flower||blossom||also pr. [wei3]	花	hsk
||surname Bie|||<b>bié</b>||to leave||to depart||to separate||to distinguish||to classify||other||another||don't ...!||to pin||to stick (sth) in	别	hsk
||surname Zuo|||<b>zuò</b>||to sit||to take a seat||to take (a bus, airplane etc)||to bear fruit||variant of 座[zuo4]	坐	hsk
||movie||film||CL:部[bu4],片[pian4],幕[mu4],場|场[chang3]	电影	hsk
||between||among||within a definite time or space||room||section of a room or lateral space between two pairs of pillars||classifier for rooms	间	hsk
||yesterday	昨天	hsk
||laugh||smile||CL:個|个[ge4]|||<b>xiào</b>||old variant of 笑[xiao4]	笑	hsk
||woman	女人	hsk
||to introduce (sb to sb)||to give a presentation||to present (sb for a job etc)||introduction	介绍	hsk
||few||less||to lack||to be missing||to stop (doing sth)||seldom	少	hsk
||this year	今年	hsk
||house with more than 1 story||storied building||floor||CL:層|层[ceng2],座[zuo4],棟|栋[dong4]|||<b>Lóu</b>||surname Lou	楼	hsk
||hospital||CL:所[suo3],家[jia1],座[zuo4]	医院	hsk
||evening||night||CL:個|个[ge4]||in the evening	晚上	hsk
||a man||a male||men||CL:個|个[ge4]	男人	hsk
||to learn||to study	学习	hsk
||other people||others||other person	别人	hsk
||afternoon||CL:個|个[ge4]||p.m.	下午	hsk
||to know||to recognize||to be familiar with||to get acquainted with sb||knowledge||understanding||awareness||cognition	认识	hsk
||how much?||how many?||(phone number, student ID etc) what number?	多少	hsk
||difficult (to...)||problem||difficulty||difficult||not good	难	hsk
||teacher||husband||doctor (dialect)||CL:位[wei4]||Mister (Mr.)	先生	hsk
||heavy||serious||to attach importance to	重	hsk
||mama||mommy||mother||CL:個|个[ge4],位[wei4]	妈妈	hsk
||(noun suffix)	子	hsk
||car||automobile||bus||CL:輛|辆[liang4]	汽车	hsk
||the Great Learning, one of the Four Books 四書|四书[Si4 shu1] in Confucianism|||<b>dà xué</b>||university||college||CL:所[suo3]	大学	hsk
||son	儿子	hsk
||old variant of 幫|帮[bang1]|||<b>bāng</b>||old variant of 幫|帮[bang1]|||<b>bāng</b>||to help||to assist||to support||for sb (i.e. as a help)||hired (as worker)||side (of pail, boat etc)||outer layer||upper (of a shoe)||group||gang||clique||party||secret society	帮	hsk
||television||TV||CL:臺|台[tai2],個|个[ge4]	电视	hsk
||teacher||CL:個|个[ge4],位[wei4]	老师	hsk
||hundred||numerous||all kinds of|||<b>Bǎi</b>||surname Bai	百	hsk
||to return||to come back	回来	hsk
||dry||clean||in vain||dried food||foster||adoptive||to ignore|||<b>gān</b>||old variant of 乾|干[gan1]|||<b>Gān</b>||surname Gan|||<b>gān</b>||to concern||to interfere||shield||stem|||<b>gān</b>||variant of 乾|干[gan1]	干	hsk
||tree trunk||main part of sth||to manage||to work||to do||capable||cadre||to kill (slang)||to fuck (vulgar)||(coll.) pissed off||annoyed	干	hsk
||the body||one's health||CL:具[ju4],個|个[ge4]||in person	身体	hsk
||last year	去年	hsk
||to drink||variant of 嗬[he1]	喝	hsk
||online	网上	hsk
||to come||to arrive	来到	hsk
||to return home	回家	hsk
||doorway||gate||CL:個|个[ge4]	门口	hsk
||they||them (for females)	她们	hsk
||cup||trophy cup||classifier for certain containers of liquids: glass, cup|||<b>bēi</b>||variant of 杯[bei1]|||<b>bēi</b>||variant of 杯[bei1]||trophy cup||classifier for certain containers of liquids: glass, cup	杯	hsk
||how||which	哪	hsk
||always||ever||often||frequently||common||general||constant|||<b>Cháng</b>||surname Chang	常	hsk
||daughter	女儿	hsk
||surname Bao|||<b>bāo</b>||to cover||to wrap||to hold||to include||to take charge of||to contract (to or for)||package||wrapper||container||bag||to hold or embrace||bundle||packet||CL:個|个[ge4],隻|只[zhi1]	包	hsk
||computer||CL:臺|台[tai2]	电脑	hsk
||doctor||CL:個|个[ge4],位[wei4],名[ming2]	医生	hsk
||song||CL:支[zhi1],首[shou3]||to sing|||<b>gē</b>||variant of 歌[ge1]	歌	hsk
||mountain||hill||anything that resembles a mountain||CL:座[zuo4]||bundled straw in which silkworms spin cocoons||gable|||<b>Shān</b>||surname Shan	山	hsk
||there||that place|||<b>nà li</b>||there||that place||also written 那裡|那里	那里	hsk
||to return to	回到	hsk
||country||nation||state||national||CL:個|个[ge4]|||<b>Guó</b>||surname Guo	国	hsk
||home	家里	hsk
||name (of a person or thing)||CL:個|个[ge4]	名字	hsk
||surname Bai|||<b>bái</b>||white||snowy||pure||bright||empty||blank||plain||clear||to make clear||in vain||gratuitous||free of charge||reactionary||anti-communist||funeral||to stare coldly||to write wrong character||to state||to explain||vernacular||spoken lines in opera	白	hsk
||(there are) some (who are...)||some (exist)	有的	hsk
||house||building (single- or two-story)||apartment||room||CL:棟|栋[dong4],幢[zhuang4],座[zuo4],套[tao4],間|间[jian1]	房子	hsk
||tomorrow	明天	hsk
||to differ from||to fall short of||lacking||wrong||inferior||Taiwan pr. [cha1]	差	hsk
||in the car	车上	hsk
||to hear	听到	hsk
||at once||right away||immediately||on horseback (i.e. by military force)	马上	hsk
||clear||obvious||unequivocal||to understand||to realize	明白	hsk
||mistake||wrong||bad||interlocking||complex||to grind||to polish||to alternate||to stagger||to miss||to let slip||to evade||to inlay with gold or silver|||<b>Cuò</b>||surname Cuo	错	hsk
||to reply||to answer||the answer||CL:個|个[ge4]	回答	hsk
||happy||glad||willing (to do sth)||in a cheerful mood	高兴	hsk
||to go out	出去	hsk
||conscientious||earnest||serious||to take seriously||to take to heart	认真	hsk
||(informal) father||CL:個|个[ge4],位[wei4]	爸爸	hsk
||to see||to catch sight of	看见	hsk
||airplane||CL:架[jia4]	飞机	hsk
||where?||somewhere||anywhere||wherever||nowhere (negative answer to question)||humble expression denying compliment|||<b>nǎ lǐ</b>||where?||somewhere||anywhere||wherever||nowhere (negative answer to question)||humble expression denying compliment||also written 哪裡|哪里	哪里	hsk
||to teach	教	hsk
||one side||either side||on the one hand||on the other hand||doing while	一边	hsk
||east||host (i.e. sitting on east side of guest)||landlord|||<b>Dōng</b>||surname Dong	东	hsk
||to thank||thanks||thank you	谢谢	hsk
||to remember	记得	hsk
||surname Ban|||<b>bān</b>||team||class||squad||work shift||ranking||CL:個|个[ge4]||classifier for groups	班	hsk
||to speak||to say||to talk||to gossip||to tell stories||talk||word	说话	hsk
||best||(you) had better (do what we suggest)	最好	hsk
||to take an exam||exam||CL:次[ci4]	考试	hsk
||need not	不用	hsk
||to open||to show (a ticket)||to turn on||to switch on	打开	hsk
||south|||<b>Nán</b>||surname Nan	南	hsk
||mountain pass||to close||to shut||to turn off||to concern||to involve|||<b>Guān</b>||surname Guan	关	hsk
||to study at the same school||fellow student||classmate||CL:位[wei4],個|个[ge4]	同学	hsk
||clothes||CL:件[jian4],套[tao4]	衣服	hsk
||morning||CL:個|个[ge4]	上午	hsk
||to make a telephone call	打电话	hsk
||bed||couch||classifier for beds||CL:張|张[zhang1]|||<b>chuáng</b>||variant of 床[chuang2]	床	hsk
||rest||to rest	休息	hsk
||room||CL:間|间[jian1],個|个[ge4]	房间	hsk
||cold|||<b>Lěng</b>||surname Leng	冷	hsk
||early morning||CL:個|个[ge4]	早上	hsk
||movement||motion||action||CL:個|个[ge4]	动作	hsk
||knowledge||CL:門|门[men2]||intellectual	知识	hsk
||to have a meal||to eat||to make a living	吃饭	hsk
||weather	天气	hsk
||sick person||patient||invalid||CL:個|个[ge4]	病人	hsk
||left||the Left (politics)||east||unorthodox||queer||wrong||differing||opposite||variant of 佐[zuo3]|||<b>Zuǒ</b>||surname Zuo	左	hsk
||old man or woman||the elderly||one's aged parents or grandparents	老人	hsk
||household||(one's) family	家人	hsk
||half	一半	hsk
||tired||weary||to strain||to wear out||to work hard	累	hsk
||is or isn't||yes or no||whether or not	是不是	hsk
||hair||feather||down||wool||mildew||mold||coarse or semifinished||young||raw||careless||unthinking||nervous||scared||(of currency) to devalue or depreciate||classifier for Chinese fractional monetary unit ( = 角[jiao3] , = one-tenth of a yuan or 10 fen 分[fen1])|||<b>Máo</b>||surname Mao	毛	hsk
||between||intermediate||mid||middle	中间	hsk
||on the road||on a journey||road surface	路上	hsk
||to return||to go back	回去	hsk
||place||site||location||venue||CL:個|个[ge4]	地点	hsk
||young lady||miss||(slang) prostitute||CL:個|个[ge4],位[wei4]	小姐	hsk
||to go to bed||to sleep	睡觉	hsk
||older sister||CL:個|个[ge4]	姐姐	hsk
||to go to work||to be on duty||to start work||to go to the office	上班	hsk
||lateral||side||to the side||beside	旁边	hsk
||worker||CL:個|个[ge4],名[ming2]	工人	hsk
||Beijing, capital of People's Republic of China||Peking||PRC government	北京	hsk
||to go in	进去	hsk
||college||educational institute||school||faculty||CL:所[suo3]	学院	hsk
||to meet||to see each other||CL:次[ci4]	见面	hsk
||to forget	忘记	hsk
||older brother||CL:個|个[ge4],位[wei4]	哥哥	hsk
||schoolgirl||female student||girl	女生	hsk
||birthday||CL:個|个[ge4]	生日	hsk
||noon||midday||CL:個|个[ge4]	中午	hsk
||on the ground||on the floor	地上	hsk
||nothing||it doesn't matter||it's nothing||never mind	没什么	hsk
||next year	明年	hsk
||sometimes	有时候	hsk
||week||CL:個|个[ge4]||day of the week||Sunday	星期	hsk
||to come in	进来	hsk
||airport||airfield||(slang) service provider for Shadowsocks or similar software for circumventing Internet censorship||CL:家[jia1],處|处[chu4]	机场	hsk
||frequently||often	常常	hsk
||to be at home||(at a workplace) to be in (as opposed to being away on official business 出差[chu1 chai1])||(Buddhism etc) to remain a layman (as opposed to becoming a monk or a nun 出家[chu1 jia1])	在家	hsk
||a moment||a while||in a moment||now...now...||also pr. [yi1 hui3 r5]	一会儿	hsk
||younger sister||young woman||CL:個|个[ge4]	妹妹	hsk
||abroad||external (affairs)||overseas||foreign	国外	hsk
||train||CL:列[lie4],節|节[jie2],班[ban1],趟[tang4]	火车	hsk
||younger brother||CL:個|个[ge4],位[wei4]	弟弟	hsk
||elementary school||primary school||CL:個|个[ge4]	小学	hsk
||unworthy||to let down||I'm sorry||excuse me||pardon me||if you please||sorry? (please repeat)	对不起	hsk
||university student||college student	大学生	hsk
||to read a book||to study||to attend school	读书	hsk
||to help||to lend a hand||to do a favor||to do a good turn	帮忙	hsk
||here	这儿	hsk
||to drive a car	开车	hsk
||clean||neat	干净	hsk
||to go to school||to attend school	上学	hsk
||foreign (country)||CL:個|个[ge4]	外国	hsk
||good-looking||nice-looking||good (of a movie, book, TV show etc)||embarrassed||humiliated	好看	hsk
||to get angry||to take offense||angry||vitality||liveliness	生气	hsk
||date||CL:個|个[ge4]	日期	hsk
||breast||milk||to breastfeed|||<b>nǎi</b>||mother||variant of 奶[nai3]|||<b>nǎi</b>||variant of 嬭|奶[nai3]	奶	hsk
||schoolboy||male student||boy||guy (young adult male)	男生	hsk
||incorrect||wrong||amiss||abnormal||queer	不对	hsk
||where?||wherever||anywhere	哪儿	hsk
||middle school||CL:個|个[ge4]	中学	hsk
||to go online||to connect to the Internet||(of a document etc) to be uploaded to the Internet||(tennis, volleyball etc) to move in close to the net	上网	hsk
||not very||not too||not often	不大	hsk
||(informal) grandma (paternal grandmother)||(respectful) mistress of the house||CL:位[wei4]||(coll.) boobies||breasts	奶奶	hsk
||over there||yonder	那边	hsk
||to go to class||to attend class||to go to teach a class	上课	hsk
||online friend||Internet user	网友	hsk
||which ones?||who?||what?	哪些	hsk
||to remember||to bear in mind||to learn by heart	记住	hsk
||fruit||CL:個|个[ge4]	水果	hsk
||map||CL:張|张[zhang1],本[ben3]	地图	hsk
||restaurant||hotel||CL:家[jia1],個|个[ge4]	饭店	hsk
||to sing a song	唱歌	hsk
||what are you doing?||what's he up to?	干什么	hsk
||(coll.) father's father||paternal grandfather||CL:個|个[ge4]	爷爷	hsk
||daytime||during the day||day||CL:個|个[ge4]	白天	hsk
||cow's milk||CL:瓶[ping2],杯[bei1]	牛奶	hsk
||store||shop||CL:家[jia1],個|个[ge4]	商店	hsk
||this side||here	这边	hsk
||there	那儿	hsk
||girlfriend	女朋友	hsk
||to hear	听见	hsk
||shopping mall||shopping center||department store||emporium||CL:家[jia1]||the business world	商场	hsk
||last time	上次	hsk
||to finish work||to get off work	下班	hsk
||New Year||CL:個|个[ge4]	新年	hsk
||to get out of bed||to get up	起床	hsk
||library||CL:家[jia1],個|个[ge4]	图书馆	hsk
||Chinese language	中文	hsk
||goodbye||see you again later	再见	hsk
||table||desk||CL:張|张[zhang1],套[tao4]	桌子	hsk
||rail station||bus stop||CL:處|处[chu4],個|个[ge4]	车站	hsk
||Excuse me, may I ask...?	请问	hsk
||(chicken) egg||hen's egg||CL:個|个[ge4],打[da2]	鸡蛋	hsk
||tasty||delicious	好吃	hsk
||street||road||CL:條|条[tiao2]	马路	hsk
||next time	下次	hsk
||boyfriend	男朋友	hsk
||downstairs	楼下	hsk
||to play a joke||to make fun of||to joke	开玩笑	hsk
||to sit down	坐下	hsk
||to take a taxi (in town)||to hitch a lift	打车	hsk
||right side||right, to the right	右边	hsk
||ticket (for theater, cinema etc)	门票	hsk
||to hold a meeting||to attend a meeting	开会	hsk
||child||CL:個|个[ge4]	小朋友	hsk
||to like||to take pleasure in||keen on||fond of||interest||hobby||appetite for||CL:個|个[ge4]	爱好	hsk
||evening meal||dinner||supper||CL:份[fen4],頓|顿[dun4],次[ci4],餐[can1]	晚饭	hsk
||to get off or out of (a bus, train, car etc)	下车	hsk
||crossing||intersection (of roads)	路口	hsk
||to get on or into (a bus, train, car etc)	上车	hsk
||to walk||to go on foot	走路	hsk
||air ticket||passenger ticket||CL:張|张[zhang1]	机票	hsk
||bread||CL:片[pian4],袋[dai4],塊|块[kuai4]	面包	hsk
||it doesn't matter	没关系	hsk
||half a year	半年	hsk
||left||the left side||to the left of	左边	hsk
||upstairs||(Internet slang) previous poster in a forum thread	楼上	hsk
||to fall ill	生病	hsk
||teaching block||school building	教学楼	hsk
||half of the day||a long time||quite a while||midair||CL:個|个[ge4]	半天	hsk
||erhua variant of 一點|一点[yi1 dian3]	一点儿	hsk
||useful	有用	hsk
||famous||well-known	有名	hsk
||to play ball||to play with a ball	打球	hsk
||purse||wallet	钱包	hsk
||pleasant to hear	好听	hsk
||to rain	下雨	hsk
||lunch||CL:份[fen4],頓|顿[dun4],次[ci4],餐[can1]	午饭	hsk
||bookstore||CL:家[jia1]	书店	hsk
||erhua variant of 女孩[nu:3 hai2]	女孩儿	hsk
||television set||CL:臺|台[tai2]	电视机	hsk
||to visit a doctor||to see a patient	看病	hsk
||the day before yesterday	前天	hsk
||to play||to have fun||to hang out	玩儿	hsk
||to have a holiday or vacation	放假	hsk
||foreign language||CL:門|门[men2]	外语	hsk
||Chinese language||CL:門|门[men2]	汉语	hsk
||ticket (for a bus or train)	车票	hsk
||to dismiss students at the end of the school day	放学	hsk
||to close (a door)||to turn off (light, electrical equipment etc)	关上	hsk
||Sunday||CL:個|个[ge4]	星期天	hsk
||cup||glass||CL:個|个[ge4],隻|只[zhi1]	杯子	hsk
||to have spare time||free from work||it's not important||it's nothing||never mind	没事儿	hsk
||cinema||movie theater||CL:家[jia1],座[zuo4]	电影院	hsk
||breakfast||CL:份[fen4],頓|顿[dun4],次[ci4],餐[can1]	早饭	hsk
||primary school student||schoolchild||CL:個|个[ge4],名[ming2]||(fig.) beginner	小学生	hsk
||to finish class||to get out of class||(fig.) (esp. of a sports coach) to be dismissed||to be fired	下课	hsk
||middle-school student||high school student	中学生	hsk
||inside	里边	hsk
||toilet||lavatory||washroom	洗手间	hsk
||the day after tomorrow||acquired (not innate)||a posteriori	后天	hsk
||you're welcome||don't mention it||impolite||rude||blunt	不客气	hsk
||schoolbag||satchel||bookbag||CL:個|个[ge4],隻|只[zhi1]	书包	hsk
||erhua variant of 一塊|一块[yi1 kuai4]	一块儿	hsk
||Sunday||CL:個|个[ge4]	星期日	hsk
||Chinese character||CL:個|个[ge4]||Japanese: kanji||Korean: hanja||Vietnamese: hán tự	汉字	hsk
||textbook||CL:本[ben3]	课本	hsk
||to request leave of absence	请假	hsk
||please come in	请进	hsk
||erhua variant of 小孩[xiao3 hai2]	小孩儿	hsk
||outside||outer surface||abroad||place other than one's home	外边	hsk
||(cooked) rice	米饭	hsk
||steamed stuffed bun||CL:個|个[ge4]	包子	hsk
||erhua variant of 好玩[hao3 wan2]	好玩儿	hsk
||west||west side||western part||to the west of	西边	hsk
"||book||notebook||Japanese-style self-published comic (esp. an erotic one), aka ""dōjinshi""||CL:本[ben3]||edition"	本子	hsk
||back||rear||behind	后边	hsk
||the top||above||overhead||upwards||the top margin||above-mentioned||those higher up	上边	hsk
||east||east side||eastern part||to the east of	东边	hsk
||have a seat	请坐	hsk
||text||CL:篇[pian1]	课文	hsk
||north||north side||northern part||to the north of	北边	hsk
||south||south side||southern part||to the south of	南边	hsk
||under||the underside||below	下边	hsk
||front||the front side||in front of	前边	hsk
||(of a pupil) to write down (in a dictation exercise)||dictation||(music) to transcribe by ear	听写	hsk
||erhua variant of 麵條|面条[mian4 tiao2]	面条儿	hsk
||erhua variant of 男孩[nan2 hai2]	男孩儿	hsk
||erhua variant of 一下[yi1 xia4]	一下儿	hsk
every month	每月	from-translation-gsheet
Once	一次	from-translation-gsheet
comforter; quilet	被子	IC-L2-Lesson-2
blanket	毯子	IC-L2-Lesson-2
Just now	刚才	from-translation-gsheet
Two + (counter for books)	两本	from-translation-gsheet
Yesterday night	昨天晚上	from-translation-gsheet
wash clothes	洗衣服	from-translation-gsheet
saw	看见了	from-translation-gsheet
October	十月	from-translation-gsheet
slowly	慢慢	from-translation-gsheet
except	除了	from-translation-gsheet
except	以外	from-translation-gsheet
japanese	日文	from-translation-gsheet
move out	搬出	from-translation-gsheet
accident	意外	from-translation-gsheet
Lynn	小林	from-translation-gsheet
Went	去过	from-translation-gsheet
Colin	小柯	from-translation-gsheet
Unwell	不舒服	from-translation-gsheet
Can't	不能	from-translation-gsheet
Go together	一起去	from-translation-gsheet
Swim	游泳	from-translation-gsheet
Everyone	大家	from-translation-gsheet
That	那个	from-translation-gsheet
But	但是	from-translation-gsheet
After	以后	from-translation-gsheet
How was it	怎么样	from-translation-gsheet
Many	很多	from-translation-gsheet
Americans	美国人	from-translation-gsheet
Think	认为	from-translation-gsheet
Eighteen years old	十八岁	from-translation-gsheet
should	应该	from-translation-gsheet
leave	离开	from-translation-gsheet
move	搬到	from-translation-gsheet
for sure	一定	from-translation-gsheet
one	一个	from-translation-gsheet
question	问题	from-translation-gsheet
convinient	方便	from-translation-gsheet
safe	安全	from-translation-gsheet
dorm	宿舍	from-translation-gsheet
very big	很大	from-translation-gsheet
safest	最安全	from-translation-gsheet
way	办法	from-translation-gsheet
don't allow	不准	from-translation-gsheet
company	公司	from-translation-gsheet
ever?	从来	from-translation-gsheet
live	住在	from-translation-gsheet
cheap	便宜	from-translation-gsheet
save (money)	省	from-translation-gsheet
mw for clothes	件	from-translation-gsheet
shirt	衬衫	from-translation-gsheet
weekend	周末	from-translation-gsheet
50% off	五折	from-translation-gsheet
ok	可以	from-translation-gsheet
30$	三十块	from-translation-gsheet
menu	菜单	IC-L2-Lesson-3
coincidentally	正好	IC-L2-Lesson-3
study-abroad student	留学生	IC-L2-Lesson-3
to steam	清蒸	IC-L2-Lesson-3
taste, flavor (of food)	味道	IC-L2-Lesson-3
chinese broccoli	芥兰	IC-L2-Lesson-3
tender	嫩	IC-L2-Lesson-3
fragrant, pleasant-smelling	香	IC-L2-Lesson-3
spinach	菠菜	IC-L2-Lesson-3
to order (food)	叫(菜）	IC-L2-Lesson-3
fresh	新鲜	IC-L2-Lesson-3
organic	有机	IC-L2-Lesson-3
light in flavor	清淡	IC-L2-Lesson-3
salty	咸	IC-L2-Lesson-3
oil/oily	油	IC-L2-Lesson-3
napkin	餐巾	IC-L2-Lesson-3
chopsticks	筷子	IC-L2-Lesson-3
each, every	各	IC-L2-Lesson-3
(personal) taste	口味	IC-L2-Lesson-3
for example	比方说	IC-L2-Lesson-3
spicy	辣	IC-L2-Lesson-3
to consider	考虑	IC-L2-Lesson-3
idea	注意	IC-L2-Lesson-3
In the newspaper	报纸上	from-translation-gsheet
Not necessarily	不见得	from-translation-gsheet
Explain	说说	from-translation-gsheet
Do like this	这样做	from-translation-gsheet
Benefit	好处	from-translation-gsheet
Wang Peng	王朋	from-translation-gsheet
Dorm	宿舍	from-translation-gsheet
Two	两个	from-translation-gsheet
Semester	学期	from-translation-gsheet
Three days	三天	from-translation-gsheet
This	这个	from-translation-gsheet
Complicated	复杂	from-translation-gsheet
Only use	只用	from-translation-gsheet
—	就好	from-translation-gsheet
Anyways	总而言之	from-translation-gsheet
change	改变	from-translation-gsheet
idea	主意	from-translation-gsheet
take airplane	坐飞机	from-translation-gsheet
Two and something hours	两个多小时	from-translation-gsheet
In the future	以后	from-translation-gsheet
A (mw for car)	一辆	from-translation-gsheet
Cab	出租汽车	from-translation-gsheet
Very fast	很快	from-translation-gsheet
Grad student	研究生	from-translation-gsheet
At here	在这里	from-translation-gsheet
New student	新生	from-translation-gsheet
Move	搬	from-translation-gsheet
Live at	住在	from-translation-gsheet
Again	又	from-translation-gsheet
Convinent	方便	from-translation-gsheet
Safe	安全	from-translation-gsheet
Off Campus	校外	from-translation-gsheet
Because	因为	from-translation-gsheet
Compare	比较	from-translation-gsheet
Cheap	便宜	from-translation-gsheet
Just got here	刚来	from-translation-gsheet
benefit	好处	from-translation-gsheet
can	可以	from-translation-gsheet
get used to	适应	from-translation-gsheet
Life	生活	from-translation-gsheet
in front	前面	from-translation-gsheet
Luggage	行李	from-translation-gsheet
move	搬	from-translation-gsheet
(sigh)	哎	from-translation-gsheet
damn	糟糕	from-translation-gsheet
maybe	可能	from-translation-gsheet
pull	拉	from-translation-gsheet
left	落	from-translation-gsheet
cab	出租车	from-translation-gsheet
(mw for class)	节	from-translation-gsheet
go find	去找	from-translation-gsheet
not necessary	不必	from-translation-gsheet
worry	担心	from-translation-gsheet
safety	安全	from-translation-gsheet
highschool	高中	from-translation-gsheet
many	有很多	from-translation-gsheet
a little	有点	from-translation-gsheet
Lab	实验室	from-translation-gsheet
Next week	下个星期	from-translation-gsheet
Start	开始	from-translation-gsheet
Work	办公	from-translation-gsheet
Change	改	from-translation-gsheet
Tuesday	星期二	from-translation-gsheet
1pm to 3pm	下午1点到3点	from-translation-gsheet
Link 	链接	from-translation-gsheet
cello	大提琴	from-translation-gsheet
Together	在一起	from-translation-gsheet
Scared	怕	from-translation-gsheet
Can't call through 	打不通	from-translation-gsheet
Scared	吓	from-translation-gsheet
Jump	跳	from-translation-gsheet
Thought	以为	from-translation-gsheet
Need	需要	from-translation-gsheet
Fill	充	from-translation-gsheet
Bet	打赌	from-translation-gsheet
Piece	张	from-translation-gsheet
Photo/picture	照片	from-translation-gsheet
Everyone	所有人	from-translation-gsheet
Lip balm 	唇膏	from-translation-gsheet
verb	动词	from-translation-gsheet
Later	之后	from-translation-gsheet
Just	就是	from-translation-gsheet
Screen	屏幕	from-translation-gsheet
Bottom	底部	from-translation-gsheet
Sentenfe	句子	from-translation-gsheet
Move back	退回到	from-translation-gsheet
Page	一页	from-translation-gsheet
First grade	一年级	from-translation-gsheet
Born	出生	from-translation-gsheet
America	美国	from-translation-gsheet
Grow up	长大	from-translation-gsheet
Back	背	from-translation-gsheet
Cafeteria	食堂	manually-added-vocab
random	随机	from-translation-gsheet
if	如果	from-translation-gsheet
nobody	没有人	from-translation-gsheet
raise hand	举手	from-translation-gsheet
then you will	就要	from-translation-gsheet
call on people randomly	点名	from-translation-gsheet
column	列	from-translation-gsheet
row	排	from-translation-gsheet
Then	否则	from-translation-gsheet
speaker	音箱	from-translation-gsheet
speaker	演讲者	from-translation-gsheet
what time	几点	from-translation-gsheet
ann arbor	安娜堡	from-translation-gsheet
a	啊	from-translation-gsheet
Why	为什么	from-translation-gsheet
this	这个	from-translation-gsheet
kid	小孩子	from-translation-gsheet
walks around	走来走去	from-translation-gsheet
hotspot	热点	from-translation-gsheet
useful	管用	from-translation-gsheet
try	试一试	from-translation-gsheet
off campus	校外	from-translation-gsheet
every day up up	天天向上	from-translation-gsheet
college freshman	大一	from-translation-gsheet
luggage	行李	from-translation-gsheet
classroom	教室	from-translation-gsheet
One page (mw for any thin paper like stuffs)	一张	from-translation-gsheet
Bookshelf	书架	from-translation-gsheet
put	摆	from-translation-gsheet
three pages	三张	from-translation-gsheet
photos	照片	from-translation-gsheet
window	窗户	from-translation-gsheet
one (mw for long stuffs)	一条	from-translation-gsheet
Im afraid that	恐怕	from-translation-gsheet
loud	吵	from-translation-gsheet
can bring	能带	from-translation-gsheet
good??	好好	from-translation-gsheet
one time	一遍	from-translation-gsheet
similar	差不多	from-translation-gsheet
not new student	老生	from-translation-gsheet
bring	带	from-translation-gsheet
bring stuffs	买东西	from-translation-gsheet
mediocre/usually	一般	from-translation-gsheet
a little	一点	from-translation-gsheet
comparatively	比较	from-translation-gsheet
quiet	安静	from-translation-gsheet
monday to friday	星期一到星期五	from-translation-gsheet
restaurant	餐厅	from-translation-gsheet
restaurant	饭馆	from-translation-gsheet
little	很少	from-translation-gsheet
this (mw for building)	这栋	from-translation-gsheet
again	又	from-translation-gsheet
old	旧	from-translation-gsheet
wave	波	from-translation-gsheet
furniture	家具	from-translation-gsheet
lean	靠	from-translation-gsheet
desk	书桌	from-translation-gsheet
chinese food	中国菜	from-translation-gsheet
japan	日本	from-translation-gsheet
to resemble, to be	像	IC-L2-Lesson-4
T-shirt	T恤衫	IC-L2-Lesson-4
woolen sweater	毛衣	IC-L2-Lesson-4
jeans	牛仔裤	IC-L2-Lesson-4
regardless of... whether it be...	无论	IC-L2-Lesson-4
toilet paper	卫生纸	IC-L2-Lesson-4
toothpaste	牙膏	IC-L2-Lesson-4
towel	毛巾	IC-L2-Lesson-4
laundry powder	洗衣粉	IC-L2-Lesson-4
to shop	购物	IC-L2-Lesson-4
brand	牌子	IC-L2-Lesson-4
price	价钱	IC-L2-Lesson-4
pure cotton, 100% cotton	纯棉	IC-L2-Lesson-4
famous brand, name brand	名牌	IC-L2-Lesson-4
fashionable; stylish	时髦	IC-L2-Lesson-4
gosh, ah (an exclamation to express surprise)	哎呀	IC-L2-Lesson-4
quality	质量	IC-L2-Lesson-4
to be forced to, to have no  choice but	只好	IC-L2-Lesson-4
reason, sense	道理	IC-L2-Lesson-4
have to, nothing but... would do	非...不可	IC-L2-Lesson-4
criterion, standard	标准	IC-L2-Lesson-4
to mind, care	在乎	IC-L2-Lesson-4
agree	同意	IC-L2-Lesson-4
to choose	选	IC-L2-Lesson-5
world	世界	IC-L2-Lesson-5
history	历史	IC-L2-Lesson-5
other/else	其他	IC-L2-Lesson-5
essay/article	文章	IC-L2-Lesson-5
cannot take it, unable to bear any longer	受不了	IC-L2-Lesson-5
light, relaxed	轻松	IC-L2-Lesson-5
professor	教授	IC-L2-Lesson-5
to discuss	讨论	IC-L2-Lesson-5
opinion	意见	IC-L2-Lesson-5
to run into (a person by chance)	碰见	IC-L2-Lesson-5
to graduate	毕业	IC-L2-Lesson-5
academic	学位	IC-L2-Lesson-5
chemistry	化学	IC-L2-Lesson-5
economics	经济	IC-L2-Lesson-5
academic credit	学分	IC-L2-Lesson-5
to decide	决定	IC-L2-Lesson-5
to solve	解决	IC-L2-Lesson-5
to suggest	建议	IC-L2-Lesson-5
if it's not... it's... either...or... 	要么	IC-L2-Lesson-5
school of engineering	工学院	IC-L2-Lesson-5
school of management	管理学院	IC-L2-Lesson-5
to talk, to discuss	谈	IC-L2-Lesson-5
literature	文学	IC-L2-Lesson-5
future	将来	IC-L2-Lesson-5
to earn money	挣钱	IC-L2-Lesson-5
finance	金融	IC-L2-Lesson-5
all day long	整天	IC-L2-Lesson-5
numeral, figure, digit	数字	IC-L2-Lesson-5
something that weighs on one's mind	心事	IC-L2-Lesson-6
to quarrel	吵架	IC-L2-Lesson-6
extroverted, open and sunny in disposition	开朗	IC-L2-Lesson-6
fan; to be infatuated with	迷	IC-L2-Lesson-6
vocl concert	演唱会	IC-L2-Lesson-6
different, not the same	不同	IC-L2-Lesson-6
to get along	相处	IC-L2-Lesson-6
what on earth, what in the world, in the end	到底	IC-L2-Lesson-6
to happen, to occur, to take place	发生	IC-L2-Lesson-6
background	背景	IC-L2-Lesson-6
to mention, to bring up	提	IC-L2-Lesson-6
heart, mind	心	IC-L2-Lesson-6
at all, simply	根本	IC-L2-Lesson-6
completely, thoroughly	一干二净	IC-L2-Lesson-6
to accompany	pei	IC-L2-Lesson-6
to agree (to do something), to promise, to answer	答应	IC-L2-Lesson-6
to break up, to part company	分手	IC-L2-Lesson-6
as a matter of fact; original, former	原来	IC-L2-Lesson-6
careless, perfunctory, mediocre	马虎	IC-L2-Lesson-6
continuously, incessantly	不停	IC-L2-Lesson-6
to apologize	道歉	IC-L2-Lesson-6
attitude	态度	IC-L2-Lesson-6
perhaps, maybe	说不定	IC-L2-Lesson-6
in fact, reality, actually	实际上	IC-L2-Lesson-6
scatterbrained, forgetful	丢三拉四	IC-L2-Lesson-6
key	钥匙	IC-L2-Lesson-6
network, the internet	网络	IC-L2-Lesson-7
news	新闻	IC-L2-Lesson-7
material (reference, academic)	资料	IC-L2-Lesson-7
game	游戏	IC-L2-Lesson-7
website	网站	IC-L2-Lesson-7
blog	博客	IC-L2-Lesson-7
karaoke	卡拉OK	IC-L2-Lesson-7
hastily, to a hurry	急忙	IC-L2-Lesson-7
download	下载	IC-L2-Lesson-7
software	软件	IC-L2-Lesson-7
as a result; result	结果	IC-L2-Lesson-7
magazine	杂志	IC-L2-Lesson-7
garbage, trash	垃圾	IC-L2-Lesson-7
to lag behind, to be outdated	落伍	IC-L2-Lesson-7
dependable	可靠	IC-L2-Lesson-7
takeout	外卖	IC-L2-Lesson-7
basic necessities of life (lit. food, clothing, shelter, and transportation)	衣食住行	IC-L2-Lesson-7
to arrive late	吃到	IC-L2-Lesson-7
to cause trouble, to harm	害	IC-L2-Lesson-7
to dare	敢	IC-L2-Lesson-7
to stay	待	IC-L2-Lesson-7
room	屋子	IC-L2-Lesson-7
to become addicted	上瘾	IC-L2-Lesson-7
serious, grave	严重	IC-L2-Lesson-7
era, age	时代	IC-L2-Lesson-7
to help; help	帮助	IC-L2-Lesson-7
to translate; interpreter, translation	翻译	IC-L2-Lesson-7
free of charge (lit. exempt from paying the fee)	免费	IC-L2-Lesson-7
feeling, sense perception; to feel, to perceive	感觉	IC-L2-Lesson-7
to receive	受到	IC-L2-Lesson-8
good, fine (literary)	良好	IC-L2-Lesson-8
education, to educate	教育	IC-L2-Lesson-8
to deposit, to accumulate	存	IC-L2-Lesson-8
income	收入	IC-L2-Lesson-8
to provide, to support financially	供	IC-L2-Lesson-8
pressure	压力	IC-L2-Lesson-8
adult	大人	IC-L2-Lesson-8
to lessen	减轻	IC-L2-Lesson-8
burden	负担	IC-L2-Lesson-8
to suit	适合	IC-L2-Lesson-8
to influence; to have an impact; influence	影响	IC-L2-Lesson-8
family, household	家庭	IC-L2-Lesson-8
to obtain, to gain, acquire	取得	IC-L2-Lesson-8
experience; to experience	经验	IC-L2-Lesson-8
pocket money; spending money	零用钱	IC-L2-Lesson-8
scholarship money	奖学金	IC-L2-Lesson-8
to hand over, to turn in	交	IC-L2-Lesson-8
government	政府	IC-L2-Lesson-8
loan; to provide a loan	贷款	IC-L2-Lesson-8
countryside, village, rural area	农村	IC-L2-Lesson-8
wages, pay	工资	IC-L2-Lesson-8
low	低	IC-L2-Lesson-8
tutor	家教	IC-L2-Lesson-8
to walk (an animal), to stroll	遛	IC-L2-Lesson-8
to feed	喂	IC-L2-Lesson-8
cat	猫	IC-L2-Lesson-8
to borrow, to lend	借	IC-L2-Lesson-8
to owe	欠	IC-L2-Lesson-8
bank	银行	IC-L2-Lesson-8
no wonder	难怪	IC-L2-Lesson-8
obediant, well-behaved (of children)	乖	IC-L2-Lesson-8
immigrant; to immigrate	移民	IC-L2-Lesson-9
doctorate (academic title), Dr. (academic title)	博士	IC-L2-Lesson-9
to design; design	设计	IC-L2-Lesson-9
older brother's wife	嫂子	IC-L2-Lesson-9
study abroad	留学	IC-L2-Lesson-9
master's (academic title)	硕士	IC-L2-Lesson-9
to get married; to marry	结婚	IC-L2-Lesson-9
happiness; happy	幸福	IC-L2-Lesson-9
terrible; formidable	厉害	IC-L2-Lesson-9
brother's daughter	侄女	IC-L2-Lesson-9
to arrange	安排	IC-L2-Lesson-9
piano	钢琴	IC-L2-Lesson-9
to draw, to paint	画画儿	IC-L2-Lesson-9
to complain	抱怨	IC-L2-Lesson-9
to respect	尊重	IC-L2-Lesson-9
choice; to choose	选择	IC-L2-Lesson-9
to oppose	反对	IC-L2-Lesson-9
childhood	童年	IC-L2-Lesson-9
point of view	看法	IC-L2-Lesson-9
way of doing things; course of action	做法	IC-L2-Lesson-9
completely, fully; complete, whole	完全	IC-L2-Lesson-9
to understand	理解	IC-L2-Lesson-9
to hope that one's son will become successful (lit. to hope that one's son will become a dragon)	望子成龙	IC-L2-Lesson-9
to hope that one's daughter will become successul (lit. to hope that one's daughter will become a phoenix)	望女成凤	IC-L2-Lesson-9
(measure word for type or kind)	番	IC-L2-Lesson-9
career, undertaking	事业	IC-L2-Lesson-9
society	社会	IC-L2-Lesson-9
it's not... but...	不是..., 而且...	IC-L2-Lesson-9
Mexico	墨西哥	IC-L2-Lesson-9
geography	地理	IC-L2-Lesson-10
hometown, place of family origin	家乡	IC-L2-Lesson-10
route, itinerary	路线	IC-L2-Lesson-10
to understand, to know about, to be informed	了解	IC-L2-Lesson-10
in an instant, all of a sudden	一下子	IC-L2-Lesson-10
ice lantern	冰灯	IC-L2-Lesson-10
boat, ship	船	IC-L2-Lesson-10
scenic landscape, scenery	风景	IC-L2-Lesson-10
river	河流	IC-L2-Lesson-10
mostly, for the most part	大多	IC-L2-Lesson-10
to flow	流	IC-L2-Lesson-10
part, section	部	IC-L2-Lesson-10
plateau (lit. high field)	高原	IC-L2-Lesson-10
plain (lit. flat field)	平原	IC-L2-Lesson-10
sea, ocean	海	IC-L2-Lesson-10
population	人口	IC-L2-Lesson-10
main, principal	主要	IC-L2-Lesson-10
desert	沙漠	IC-L2-Lesson-10
nature, natural	自然	IC-L2-Lesson-10
condition	条件	IC-L2-Lesson-10
terrain, topography	地形	IC-L2-Lesson-10
area (of land)	面积	IC-L2-Lesson-10
(measure word for times by which something is multiplied)	倍	IC-L2-Lesson-10
to celebrate a holiday	过节	IC-L2-Lesson-10
to travel (for pleasure) (pleasure) travel	旅游	IC-L2-Lesson-10
scenic spot. tourist spot	景点	IC-L2-Lesson-10
all around, all over	到处	IC-L2-Lesson-10
huge crowds of people (lit. mountains and seas of people'	人山人海	IC-L2-Lesson-10
crowded; to push against, to squeeze	挤	IC-L2-Lesson-10
short	短	IC-L2-Lesson-10
spring-like all year round	四季如春	IC-L2-Lesson-10
few, minority (lit. small number)	少数	IC-L2-Lesson-10
ethnic group, nationality	民族	IC-L2-Lesson-10
Nanjing	南京	IC-L2-Lesson-10
Harbin	哈尔滨	IC-L2-Lesson-10
Xinjiang	新疆	IC-L2-Lesson-10
Yangtze River	澄江	IC-L2-Lesson-10
Yellow River	黄河	IC-L2-Lesson-10
Tianjin	天津	IC-L2-Lesson-10
Guangzhou	广州	IC-L2-Lesson-10
Shenzhen	深圳	IC-L2-Lesson-10
Yunnan	云南	IC-L2-Lesson-10
holiday, festival	节日	IC-L2-Lesson-11
uncle (mother's brother)	舅舅	IC-L2-Lesson-11
aunt (mother's brother's wife)	舅妈	IC-L2-Lesson-11
residential development, residential complex	小区	IC-L2-Lesson-11
environment, surroundings	环境	IC-L2-Lesson-11
Chinese New Year's Eve	除夕	IC-L2-Lesson-11
Chinese New Year's Eve dinner	年夜饭	IC-L2-Lesson-11
wall	墙	IC-L2-Lesson-11
to paste, to glue	贴	IC-L2-Lesson-11
blessing, good fortune	福	IC-L2-Lesson-11
to turn upside down, to go backwards	倒	IC-L2-Lesson-11
strange, weird	奇怪	IC-L2-Lesson-11
meaning	意思	IC-L2-Lesson-11
with (see grammar 2.)	以	IC-L2-Lesson-11
to replace, to substitute	代	IC-L2-Lesson-11
alcohol, liquor	酒	IC-L2-Lesson-11
to lift, to raise	举	IC-L2-Lesson-11
smooth, successful, without a hitch	顺利	IC-L2-Lesson-11
to make progress, progressive	进步	IC-L2-Lesson-11
to drink a toast (lit. to dry the cup)	干杯	IC-L2-Lesson-11
to succeed, successful	成功	IC-L2-Lesson-11
evening gathering, soiree	晚会	IC-L2-Lesson-11
to leave a surplus, to be left (over)	剩(下)	IC-L2-Lesson-11
to waste, to squander; wasteful	浪费	IC-L2-Lesson-11
surplus, to have a surplus	余	IC-L2-Lesson-11
tradition; traditional	传统	IC-L2-Lesson-11
traditional Chinese lunar calendar (lit. agricultural calendar)	农历	IC-L2-Lesson-11
first, early part of	初	IC-L2-Lesson-11
sticky-rice dumpling wrapped in bamboo or reed leaves	粽子	IC-L2-Lesson-11
moon cake	月饼	IC-L2-Lesson-11
to reunite (as a family)	团圆	IC-L2-Lesson-11
first month of the lunar year	正月	IC-L2-Lesson-11
night of the fifteenth of the first lunar month, sweet dumplings made of sticky-rice flour	元宵	IC-L2-Lesson-11
(particle used to emphasize the obvious, see grammar 3)	嘛	IC-L2-Lesson-11
to count time	计时	IC-L2-Lesson-11
to wish somebody a happy Chinese new year, to pay a Chinese new year call	拜年	IC-L2-Lesson-11
to congratulate	恭喜	IC-L2-Lesson-11
to get rich, to make a fortune	发财	IC-L2-Lesson-11
red envelope containing gift money	红包	IC-L2-Lesson-11
lively, buzzing with excitement, busting with activity (of a place or scene)	热闹	IC-L2-Lesson-11
firecracker	鞭炮	IC-L2-Lesson-11
Spring festival, Chinese New Year	春节	IC-L2-Lesson-11
Dragon boat festival	端午节	IC-L2-Lesson-11
Mid-Autumn Festival, Moon Festival	中秋节	IC-L2-Lesson-11
Thanksgiving	感恩节	IC-L2-Lesson-11
Lantern Festival	元宵节	IC-L2-Lesson-11
to change; change	变化	IC-L2-Lesson-12
end	末	IC-L2-Lesson-12
to not have enough time to do something, to be too late to do something	来不及	IC-L2-Lesson-12
high-speed rail	高(速)铁(路)	IC-L2-Lesson-12
older male cousin with a different surname	表哥	IC-L2-Lesson-12
street	街	IC-L2-Lesson-12
to build, to construct	盖	IC-L2-Lesson-12
to ride	骑	IC-L2-Lesson-12
bicycle	自行车	IC-L2-Lesson-12
to imagine, to visualize; imagination	想象	IC-L2-Lesson-12
if it were not for, but for	要不是	IC-L2-Lesson-12
tourist	游客	IC-L2-Lesson-12
foreigner (slang)	老外	IC-L2-Lesson-12
(sound of laughter)	哈	IC-L2-Lesson-12
opposite side	对面	IC-L2-Lesson-12
fast food	快餐	IC-L2-Lesson-12
clothing, apparel	服装	IC-L2-Lesson-12
to merge into, to meld into	融入	IC-L2-Lesson-12
distinguishing feature or quality, characteristic	特色	IC-L2-Lesson-12
to remain as before, to retain	保留	IC-L2-Lesson-12
architecture; to build	建筑	IC-L2-Lesson-12
to taste	尝	IC-L2-Lesson-12
small and inexpensive dishes, snacks	小吃	IC-L2-Lesson-12
no matter, regardless of	不管	IC-L2-Lesson-12
to change	变	IC-L2-Lesson-12
ordinary people consider food as important as heaven	民以食为天	IC-L2-Lesson-12
(measure word for sentences)	句	IC-L2-Lesson-12
ordinary people	老百姓	IC-L2-Lesson-12
as much as possible	尽可能	IC-L2-Lesson-12
mansion, tall building	厦	IC-L2-Lesson-12
(measure word for buildings, mountains, bridges, cities, and other large, solid things)	座	IC-L2-Lesson-12
sound, voice	声音	IC-L2-Lesson-12
footstep	脚步	IC-L2-Lesson-12
to take a picture, to shoot a film	拍	IC-L2-Lesson-12
(rumbling sound)	咕噜	IC-L2-Lesson-12
France	法国	IC-L2-Lesson-12
Temple of Confucius	夫子庙	IC-L2-Lesson-12
beautiful	美丽	IC-L2-Lesson-13
to leave behind, to stay behind	留(下)	IC-L2-Lesson-13
deep, profound, dark (color)	深	IC-L2-Lesson-13
to share (joy, happiness, benefits, etc.) (lit. to divide and enjoy)	分享	IC-L2-Lesson-13
to sign up, to register	报名	IC-L2-Lesson-13
to participate, to take part, to attend	参加	IC-L2-Lesson-13
group, organization	团	IC-L2-Lesson-13
to include, to consist of	包括	IC-L2-Lesson-13
transportation, traffic (lit. to intersect and go through)	交通	IC-L2-Lesson-13
passenger, voyager, traveler	旅客	IC-L2-Lesson-13
hard, stiff	硬	IC-L2-Lesson-13
sleeping bunk (on a train)	卧铺	IC-L2-Lesson-13
train carriage	车厢	IC-L2-Lesson-13
soft	软	IC-L2-Lesson-13
(measure word for meals)	顿	IC-L2-Lesson-13
box lunch	盒饭	IC-L2-Lesson-13
humorous	幽默	IC-L2-Lesson-13
provincial capital	省会	IC-L2-Lesson-13
beautiful, good	美	IC-L2-Lesson-13
diet, food and drink	饮食	IC-L2-Lesson-13
custom	风俗	IC-L2-Lesson-13
habit, to be accustomed to	习惯	IC-L2-Lesson-13
to go sightseeing, to tour; excursion	游览	IC-L2-Lesson-13
stone, rock, pebble	石头	IC-L2-Lesson-13
woods, forest	树林	IC-L2-Lesson-13
to speak, to tell	讲	IC-L2-Lesson-13
story, tale	故事	IC-L2-Lesson-13
tower, pagoda	塔	IC-L2-Lesson-13
ancient, old	古老	IC-L2-Lesson-13
souvenir, keepsake, memento	纪念品	IC-L2-Lesson-13
by all means, absolutely must	千万	IC-L2-Lesson-13
river	河	IC-L2-Lesson-13
teahouse	茶馆	IC-L2-Lesson-13
lantern	灯笼	IC-L2-Lesson-13
landlord	房东	IC-L2-Lesson-13
Kunming (capital of Yunnan Province)	昆明	IC-L2-Lesson-13
Dali	大理	IC-L2-Lesson-13
Lijiang	丽江	IC-L2-Lesson-13
and; with	与	IC-L2-Lesson-14
husband and wife, couple	夫妻	IC-L2-Lesson-14
to retire	退休	IC-L2-Lesson-14
museum	博物馆	IC-L2-Lesson-14
to take a walk, to go for a walk	散步	IC-L2-Lesson-14
to exercise, to work out, to undergo physical training	锻炼	IC-L2-Lesson-14
public square	广场	IC-L2-Lesson-14
tai chi (a form of traditional Chinese shadowboxing)	太极拳	IC-L2-Lesson-14
morning, early morning	早晨	IC-L2-Lesson-14
to become, to turn into	成为	IC-L2-Lesson-14
to go out, to leave home	出门	IC-L2-Lesson-14
yoga	瑜伽	IC-L2-Lesson-14
to attach importance to	重视	IC-L2-Lesson-14
fitness center, gym	健身房	IC-L2-Lesson-14
to equal, to be equivalent to, to amount to	等于	IC-L2-Lesson-14
to lose weight (lit. to reduce fat)	减肥	IC-L2-Lesson-14
as long as, provided that	只要	IC-L2-Lesson-14
casual, careless; to do as one pleases	随便	IC-L2-Lesson-14
even if	即使	IC-L2-Lesson-14
nutrition, nourishment	营养	IC-L2-Lesson-14
full, satiated (after a meal)	饱	IC-L2-Lesson-14
science, scientific	科学	IC-L2-Lesson-14
aspect, respect	方面	IC-L2-Lesson-14
must, have to, be obliged to	必须	IC-L2-Lesson-14
to smoke a cigarrete	吸烟	IC-L2-Lesson-14
to stay up late or all night	熬夜	IC-L2-Lesson-14
to supplement, to replenish	补充	IC-L2-Lesson-14
sleep	睡眠	IC-L2-Lesson-14
(measure word for one of certain paired things and some animals)	只	IC-L2-Lesson-14
panda	熊猫	IC-L2-Lesson-14
University of Michigan	密西根大学	from-translation-gsheet
Football	橄榄球	from-translation-gsheet
Get used to michigan	适应密西根	from-translation-gsheet
city	城市	from-translation-gsheet
how many times	几次	from-translation-gsheet
equal; equality (lit. level and equal)	平等	IC-L2-Lesson-15
to regard males as superior to females, to privilege men over women	重男轻女	IC-L2-Lesson-15
women	妇女	IC-L2-Lesson-15
position, status	地位	IC-L2-Lesson-15
sitation, condition, circumstances	情况	IC-L2-Lesson-15
gradually, little by little	逐渐	IC-L2-Lesson-15
opportunity	机会	IC-L2-Lesson-15
to reform and open up; Reform and Opening-Up	改革开放	IC-L2-Lesson-15
since	以来	IC-L2-Lesson-15
enterprise, business, company, firm	企业	IC-L2-Lesson-15
unit	单位	IC-L2-Lesson-15
to appear, to arise, to emerge	出现	IC-L2-Lesson-15
phenomenon, appearance	现象	IC-L2-Lesson-15
factory	工厂	IC-L2-Lesson-15
equal pay for equal work	同工同酬	IC-L2-Lesson-15
female gender, woman	女性	IC-L2-Lesson-15
to surpass, to exceed	超过	IC-L2-Lesson-15
husband	丈夫	IC-L2-Lesson-15
wife	妻子	IC-L2-Lesson-15
mutually, each other, reciprocally	互相	IC-L2-Lesson-15
household chores, household duties	家务	IC-L2-Lesson-15
exemplary; model, fine example	模范	IC-L2-Lesson-15
to display, to manifest; performance; manifestation	表现	IC-L2-Lesson-15
man, male	男子	IC-L2-Lesson-15
team, a row or line of people, (measure word for teams and lines)	队	IC-L2-Lesson-15
to dislike, to loathe; disgusting, disagreeable	讨厌	IC-L2-Lesson-15
team member	队员	IC-L2-Lesson-15
proud, arrogant, full of oneself; pride	骄傲	IC-L2-Lesson-15
to lose, to be defeated	输	IC-L2-Lesson-15
performance, achievement, result, score, grade	成绩	IC-L2-Lesson-15
fair, just, impartial, equitable	公平	IC-L2-Lesson-15
by	由	IC-L2-Lesson-15
market	市场	IC-L2-Lesson-15
occupation, profession, vocation	职业	IC-L2-Lesson-15
salary, pay, wages	薪水	IC-L2-Lesson-15
news, message, information	消息	IC-L2-Lesson-15
to win	赢	IC-L2-Lesson-15
champion, first place in a competition	冠军	IC-L2-Lesson-15
to believe, to trust	相信	IC-L2-Lesson-15
score	比分	IC-L2-Lesson-15
ping pong, table tennis	乒乓球	IC-L2-Lesson-15
germany	德国	IC-L2-Lesson-15
spain	西班牙	IC-L2-Lesson-15
to protect, to safeguard	保护	IC-L2-Lesson-16
to economize, to save, to conserve	节约	IC-L2-Lesson-16
energy, energy source	能源	IC-L2-Lesson-16
to hike in the mountains, to climb a mountain	爬山	IC-L2-Lesson-16
beneficial, useful [see grammar 4]	有益	IC-L2-Lesson-16
towards, in, on, at (indicating comparison) [see grammar 4 and grammar 5]	于	IC-L2-Lesson-16
(measure word for section, segment, or part)	段	IC-L2-Lesson-16
to push, to shove	推	IC-L2-Lesson-16
air, atmosphere	空气	IC-L2-Lesson-16
smog	雾霾	IC-L2-Lesson-16
to recycle	回收	IC-L2-Lesson-16
thick tube-shaped container	筒	IC-L2-Lesson-16
to throw, to toss, to throw away	扔	IC-L2-Lesson-16
bottled water	瓶装水	IC-L2-Lesson-16
the Earth, the globe	地球	IC-L2-Lesson-16
bright, light	亮	IC-L2-Lesson-16
sun	太阳	IC-L2-Lesson-16
solar energy, solar power	太阳能	IC-L2-Lesson-16
board, plank, panel	板	IC-L2-Lesson-16
to generate electricity	发电	IC-L2-Lesson-16
crisis	危机	IC-L2-Lesson-16
petroleum, oil	石油	IC-L2-Lesson-16
coal	煤	IC-L2-Lesson-16
to regulate, to specify; rules and regulations, provisions	规定	IC-L2-Lesson-16
public place or space	公共场所	IC-L2-Lesson-16
heating (lit. warm air)	暖气	IC-L2-Lesson-16
temperature	温度	IC-L2-Lesson-16
(measure word for degrees of temperature, heat, hardness, humidity, etc.)	度	IC-L2-Lesson-16
to approve, to support	赞成	IC-L2-Lesson-16
to sweat	出汗	IC-L2-Lesson-16
eating utensil, tableware	餐具	IC-L2-Lesson-16
one-time	一次性	IC-L2-Lesson-16
to cut, to chop	砍	IC-L2-Lesson-16
supermarket (short for 超级市场）	超市	IC-L2-Lesson-16
plastic bag	塑料袋	IC-L2-Lesson-16
to reduce, to decrease, to lessen	减少	IC-L2-Lesson-16
to pollute, to contaminate; pollution, contamination	污染	IC-L2-Lesson-16
to cause, to give rise to	造成	IC-L2-Lesson-16
for example	比如	IC-L2-Lesson-16
without extra effort or motion, conveniently	随手	IC-L2-Lesson-16
thrifty, frugal	节俭	IC-L2-Lesson-17
bank savings; to deposit money at a bank	存款	IC-L2-Lesson-17
to invest capital; investment (financial) (lit. to throw or cast capital)	投资	IC-L2-Lesson-17
to manage wealth	理财	IC-L2-Lesson-17
to rise, to surge, to go up (of water, prices, etc.)	涨	IC-L2-Lesson-17
to flip stocks	炒股	IC-L2-Lesson-17
to give rise to, to lead to	引起	IC-L2-Lesson-17
to think deeply, to ponder over; contemplation, cogitation	思考	IC-L2-Lesson-17
aunt (father's sister)	姑妈	IC-L2-Lesson-17
contradiction, conflict; contradictory, conflicting	矛盾	IC-L2-Lesson-17
gloomy, depressed	郁闷	IC-L2-Lesson-17
to be frugal (with food and other living expenses)	省吃俭用	IC-L2-Lesson-17
(measure word for sums of money)	笔	IC-L2-Lesson-17
grandson (son's son)	孙子	IC-L2-Lesson-17
graddaughter (son's daughter)	孙女	IC-L2-Lesson-17
fiancee	未婚妻	IC-L2-Lesson-17
to count as, to be considered as	算	IC-L2-Lesson-17
to combine, to join	合	IC-L2-Lesson-17
to persuade, to advise, to urge	劝	IC-L2-Lesson-17
hard, strenuous, to work hard	辛苦	IC-L2-Lesson-17
to enjoy; enjoyment	享受	IC-L2-Lesson-17
elderly lady	老太太	IC-L2-Lesson-17
interest (on invested funds)	利息	IC-L2-Lesson-17
to increase, to add	增加	IC-L2-Lesson-17
old age	老年	IC-L2-Lesson-17
to persuade, to convince	说服	IC-L2-Lesson-17
to sign, to autograph	签	IC-L2-Lesson-17
agreement, contract	合同	IC-L2-Lesson-17
idea, opinion	想法	IC-L2-Lesson-17
suddenly, unexpectedly; sudden, unexpected	突然	IC-L2-Lesson-17
volunteer work (lit. righteous work), volunteer	义工	IC-L2-Lesson-17
mahjong	麻将	IC-L2-Lesson-17
to make a profit	赚钱	IC-L2-Lesson-17
stock market	股市	IC-L2-Lesson-17
risk, danger, hazard	风险	IC-L2-Lesson-17
to mortgage	抵押	IC-L2-Lesson-17
stock, share (lit. stock certificate)	股票	IC-L2-Lesson-17
to fall	跌	IC-L2-Lesson-17
to (money, etc.), to suffer a loss in a deal	赔	IC-L2-Lesson-17
civilization; civilized	文明	IC-L2-Lesson-18
(literary equivalent of 的）	之	IC-L2-Lesson-18
characters, written form of a language	文字	IC-L2-Lesson-18
to put down in writing, to record; record, account	记载	IC-L2-Lesson-18
to visit, to look around	参观	IC-L2-Lesson-18
among which/whom in which/whom, of which/whom	其中	IC-L2-Lesson-18
portion, part	部分	IC-L2-Lesson-18
dynasty	朝代	IC-L2-Lesson-18
great, outstanding, magnificent	伟大	IC-L2-Lesson-18
thinking, ideology, thoughts	思想	IC-L2-Lesson-18
exhibition hall, gallery	展厅	IC-L2-Lesson-18
emperor	皇帝	IC-L2-Lesson-18
to unify, to unite; unified, centralized	统一	IC-L2-Lesson-18
to contribute, to devote; contribution	贡献	IC-L2-Lesson-18
to build, to repair	修	IC-L2-Lesson-18
to kill	杀	IC-L2-Lesson-18
to burn, to set fire to, to cook	烧	IC-L2-Lesson-18
palace	宫殿	IC-L2-Lesson-18
grave, tomb	坟墓	IC-L2-Lesson-18
terracotta warriors and horses	兵马俑	IC-L2-Lesson-18
to develop; development	发展	IC-L2-Lesson-18
silk, silk fabric	丝绸	IC-L2-Lesson-18
relation, relationship, connection	关系	IC-L2-Lesson-18
to carry on, to carry out, to conduct	进行	IC-L2-Lesson-18
trade; to trade	贸易	IC-L2-Lesson-18
poetry, poem	诗	IC-L2-Lesson-18
poet	诗人	IC-L2-Lesson-18
developed, flourishing	发达	IC-L2-Lesson-18
technology, technique	技术	IC-L2-Lesson-18
once, at some time in the past	曾经	IC-L2-Lesson-18
advanced	先进	IC-L2-Lesson-18
invention; to invent	发明	IC-L2-Lesson-18
to make paper	造纸	IC-L2-Lesson-18
gunpowder (lit. fire chemical)	火药	IC-L2-Lesson-18
compass	指南针	IC-L2-Lesson-18
moveable-type printing; letterpress printing	活字印刷	IC-L2-Lesson-18
to lead; leadership, leader (lit. to lead and guide)	领导	IC-L2-Lesson-18
revolution	革命	IC-L2-Lesson-18
to build, to establish	建立	IC-L2-Lesson-18
Confucius	孔子	IC-L2-Lesson-18
Qin dynasty	秦朝	IC-L2-Lesson-18
First emperor of the Qin dynasty	秦始皇	IC-L2-Lesson-18
Han dynasty	汉朝	IC-L2-Lesson-18
the west	西方	IC-L2-Lesson-18
Tang dynasty	唐朝	IC-L2-Lesson-18
Li Bai	李白	IC-L2-Lesson-18
Song dynasty	宋朝	IC-L2-Lesson-18
Qing dyansty	清朝	IC-L2-Lesson-18
Sun Yat-Sen	孙中山	IC-L2-Lesson-18
Republic of China	中华名果	IC-L2-Lesson-18
