HSKv3_1,HSKv3_2,HSKv3_3,HSKv3_4,HSKv3_5,HSKv3_6,HSKv3_7_8_9
爱,啊,爱心,阿姨,安慰,挨着,阿拉伯语
爱好,爱情,安排,啊,岸,挨,哎
八,爱人,安装,矮,岸上,挨打,哎呀
爸爸,安静,按,矮小,按摩,安检,哀求
吧,安全,按照,爱国,拔,罢工,挨家挨户
白,白色,把,爱护,白酒,罢了,癌
白天,班长,把,安,拜访,白领,癌症
百,办,把握,安置,版,百分点,艾滋病
班,办法,白,按时,扮演,办公,唉
半,办公室,白菜,暗,棒,办事处,爱不释手
半年,半夜,班级,暗示,包围,办学,爱理不理
半天,帮助,搬,巴士,包装,半决赛,爱面子
帮,饱,搬家,百货,保卫,傍晚,爱惜
帮忙,报名,板,摆,保养,保健,碍事
包,报纸,办理,摆动,报答,报刊,安定
包子,北方,保,摆脱,报警,报考,安抚
杯,背,保安,败,抱怨,抱歉,安眠药
杯子,比如,保持,办事,背包,暴风雨,安宁
北,比如说,保存,包裹,悲剧,暴力,安稳
北边,笔,保护,包含,悲伤,暴露,安心
北京,笔记,保留,包括,北极,暴雨,安逸
本,笔记本,保险,薄,被动,爆,按键
本子,必须,保证,宝,辈,爆发,按理说
比,边,报,宝宝,本人,爆炸,按说
别,变,报到,宝贝,鼻子,悲惨,案件
别的,变成,报道,宝贵,比方,背心,暗地里
别人,遍,报告,宝石,比重,背着,暗杀
病,表,背,保密,彼此,被告,暗中
病人,示,北部,保守,必,奔跑,昂贵
不大,不错,背,抱,必需,本,凹
不对,不但,背后,背景,毕竟,本地,熬
不客气,不够,被,倍,闭幕,本期,熬夜
不用,不过,被子,被迫,闭幕式,本身,傲
不,不太,本来,本科,边境,本土,傲慢
菜,不要,本领,笨,编辑,本质,奥秘
茶,不好意思,本事,比分,编辑,逼,奥运会
差,不久,比较,毕业,变动,笔试,八卦
常,不满,比例,毕业生,便利,必将,巴不得
常常,不如,比赛,避,便条,必修,扒
唱,不少,必然,避免,便于,闭,芭蕾
唱歌,不同,必要,编,宾馆,边缘,把柄
车,不行,变化,辩论,饼,编制,把关
车票,不一定,变为,标志,饼干,扁,把手
车上,不一会儿,标题,表情,病毒,变更,靶子
车站,部分,标准,表扬,玻璃,变换,坝
吃,才,表达,别,博客,变形,罢免
吃饭,菜单,表格,冰,博览会,便,罢休
出,参观,表面,冰箱,博士,便是,霸占
出来,参加,表明,冰雪,博物馆,遍地,掰
出去,草,表现,兵,薄弱,表面上,白白
穿,草地,表演,并,不顾,病房,百分比
床,层,并,不要紧,不利,病情,百合
次,查,并且,不在乎,不耐烦,拨打,百科全书
从,差不多,播出,不管,不幸,波动,柏树
错,长,播放,不然,不易,波浪,摆放
打,常见,不必,布置,补偿,播,摆平
打车,常用,不断,步行,补贴,不便,摆设
打电话,场,不论,擦,不曾,不见,拜会
打开,超过,补,才,不得了,不料,拜见
打球,超市,补充,材料,不敢当,不再,拜年
大,车辆,不安,财产,不良,不至于,拜托
大学,称,不得不,财富,不免,补考,扳
大学生,成,不光,采访,不能不,补课,颁布
到,成绩,不仅,参考,不时,补习,颁发
得到,成为,布,参与,不停,补助,颁奖
地,重复,步,操场,不许,捕,斑点
的,重新,部,操作,不止,不成,搬迁
等,出发,部门,测,不足,不禁,板块
地,出国,部长,测量,部位,不仅仅,办不到
地点,出口,才能,测试,猜,不通,半边天
地方,出门,采取,曾,猜测,不怎么,半场
地上,出生,采用,茶叶,裁判,不怎么样,半岛
地图,出现,彩色,产品,采购,不值,半路
弟弟,出院,曾经,长途,彩票,布满,半数
第,出租,产生,常识,餐馆,部队,半途而废
点,出租车,长城,唱片,餐厅,采纳,半信半疑
电,船,长处,抄,餐饮,踩,半真半假
电话,吹,长期,抄写,草原,参赛,扮
电脑,春节,厂,潮,册,参展,伴
电视,春天,场合,潮流,层次,餐,伴侣
电视机,词,场所,潮湿,叉,残疾,伴随
电影,词典,超级,彻底,叉子,残疾人,伴奏
电影院,词语,朝,沉,差别,残酷,拌
东,从小,吵,沉默,差距,惨,帮手
东边,答应,吵架,沉重,插,仓库,绑
东西,打工,衬衫,称赞,查询,藏,绑架
动,打算,衬衣,成人,差点儿,操纵,榜样
动作,打印,称为,诚实,拆,厕所,棒球
都,大部分,成功,诚信,拆除,侧,磅
读,大大,成果,承担,产业,测定,包袱
读书,大多数,成就,承认,长度,策划,包容
对,大海,成立,承受,长寿,策略,包扎
对不起,大家,成熟,程序,肠,层面,剥
多,大量,成员,吃惊,尝,差异,煲
多少,大门,成长,迟到,尝试,查出,饱和
饿,大人,城,尺,厂长,查看,饱满
儿子,大声,城市,尺寸,场面,拆迁,宝库
二,大小,程度,尺子,倡导,产量,宝藏
饭,大衣,持续,冲,超越,昌盛,保管
饭店,大自然,充满,充电,车主,长短,保姆
房间,带,重,充电器,称,长假,保暖
房子,带来,初,充分,称号,长久,保鲜
放,单位,初,虫子,成本,长跑,保修
放假,但,初步,抽,成交,长远,保佑
放学,但是,初级,抽奖,成效,常规,保障
飞,蛋,初中,抽烟,成语,常年,保质期
飞机,当,除了,出口,承办,厂商,保重
非常,当时,处理,出色,城里,场地,堡垒
分,倒,传,出售,乘,场馆,报
风,到处,传播,出席,乘车,场景,报仇
干,倒,传来,处于,乘客,畅通,报酬
干净,道,传说,处,乘坐,超,报废
干,道理,创新,穿上,吃力,超出,报复
干什么,道路,创业,传统,池子,炒,报社
高,得,创造,窗户,迟,炒股,报亭
高兴,得出,创作,窗台,冲动,炒作,报销
告诉,的话,从来,窗子,冲突,车号,抱负
哥哥,得,从前,春季,充足,车牌,豹
歌,灯,从事,纯,愁,车展,暴风骤雨
个,等,村,纯净水,丑,撤离,暴利
给,等到,存,词汇,臭,撤销,暴躁
跟,等于,存在,此,出版,撑,曝光
工人,低,错误,此外,出差,成,爆冷门
工作,地球,达到,次,出汗,成分,爆满
关,地铁,打破,刺,出于,成品,爆竹
关上,地铁站,打听,刺激,初期,承诺,卑鄙
贵,点头,大概,从此,除非,城区,悲哀
国,店,大使馆,粗,除夕,城乡,悲观
国家,掉,大约,粗心,厨房,城镇,悲欢离合
国外,东北,大夫,促进,处罚,持有,悲痛
过,东方,代,促使,处分,冲击,碑
还,东南,代表,促销,处在,重建,贝壳
还是,冬天,代表团,措施,传达,重组,备课
还有,懂,带动,打,传递,崇拜,备受
孩子,懂得,带领,答案,传真,宠物,备用
汉语,动物,单元,打败,窗帘,冲,背面
汉字,动物园,当初,打雷,闯,出场,背叛
好,读音,当地,打扫,创立,出动,背诵
好吃,度,当然,打折,辞典,出访,被捕
好看,短,当中,打针,辞职,出路,奔波
好听,短信,刀,大巴,此后,出面,奔赴
好玩儿,段,导演,大多,此刻,出名,本分
号,队,到达,大方,此时,出入,本能
喝,队长,到底,大哥,聪明,出事,本钱
和,对,得分,大规模,从而,出台,本色
很,对话,等待,大会,从中,出行,本性
后,对面,底下,大姐,脆,初等,本意
后边,多,地区,大楼,存款,除,本着
后天,多久,电视剧,大陆,寸,厨师,奔
花,多么,电视台,大妈,达成,储存,笨蛋
话,多数,电台,大型,答,处处,笨重
坏,多云,电子邮件,大爷,答复,处长,崩溃
还,而且,调,大众,打,传出,绷
回,发,调查,代替,打扮,传媒,绷带
回答,发现,订,待遇,打包,传输,蹦
回到,饭馆,定期,袋,打击,传言,逼近
回家,方便,东部,戴,打架,船员,逼迫
回来,方便面,动力,担保,打扰,船长,逼真
回去,方法,动人,担任,大胆,船只,鼻涕
会,方面,读者,担心,大都,串,比比皆是
火车,方向,短处,单,大纲,窗口,比不上
机场,放下,短裤,单纯,大伙儿,创办,比起
机票,放心,短期,单调,大奖赛,创建,比试
鸡蛋,分,断,单独,大脑,创意,比喻
几,分开,队员,淡,大事,此处,鄙视
记,分数,对待,导游,大厅,此次,必不可少
记得,分钟,对方,导致,大象,此前,必定
记住,份,对手,倒闭,大熊猫,此事,碧绿
家,封,对象,倒车,大于,此致,弊病
家里,服务,顿,倒车,大致,次数,弊端
家人,复习,发表,得意,呆,从不,壁画
间,该,发出,得,待,从没,避难
见,改,发达,灯光,代价,醋,避暑
见面,改变,发动,登,代理,村庄,边疆
教,干杯,发明,登记,带有,错过,边界
叫,感到,发生,登录,贷款,搭,边远
教学楼,感动,发送,登山,单一,搭档,编号
姐姐,感觉,发言,的确,胆,搭配,编剧
介绍,感谢,发展,敌人,胆小,打动,编排
今年,干活儿,反对,底,蛋糕,打断,编写
今天,刚,反复,地方,当场,打发,编造
进,刚才,反应,地面,当代,打官司,鞭策
进来,刚刚,反正,地位,当年,打牌,鞭炮
进去,高级,范围,地下,当前,打印机,贬值
九,高中,方式,地址,当选,打造,变革
就,个子,防,典型,挡,大道,变幻莫测
觉得,更,防止,点名,到来,大街,变迁
开,公共汽车,房东,电灯,倒是,大力,变异
开车,公交车,房屋,电动车,道德,大米,变质
开会,公斤,房租,电梯,得了,大批,便道
开玩笑,公里,访问,电源,得以,大赛,便饭
看,公路,放到,顶,等候,大师,便捷
看病,公平,飞行,定,等级,大使,便利店
看到,公司,费,冬季,低于,待会儿,遍布
看见,公园,费用,动画片,地带,担忧,辨别
考,狗,分别,动摇,地形,单打,辨认
考试,够,分配,豆腐,地震,诞生,辩
渴,故事,分组,独立,递,党,辩护
课,故意,丰富,独特,递给,当,辩解
课本,顾客,风险,独自,典礼,当成,辫子
课文,关机,否定,堵,点燃,当天,标
口,关心,否认,堵车,电池,当作,标榜
块,观点,服装,肚子,电饭锅,档,标本
快,广场,福,度过,电子版,档案,标签
来,广告,父母,锻炼,调动,岛,标示
来到,国际,父亲,对比,丢,到期,标语
老,过来,付,对付,动机,盗版,标致
老人,过年,负责,对于,动手,道教,飙升
老师,过去,复印,多次,动态,道歉,表白
了,过,复杂,多年,动员,低头,表决
累,海,富,多样,冻,低温,表述
冷,海边,改进,多种,洞,滴,表率
里,喊,改造,恶心,豆制品,抵达,表态
里边,好,概念,儿童,毒,抵抗,表彰
两,好处,赶,而,堆,地板,憋
零,好多,赶到,而是,对立,地名,别具匠心
六,好久,赶紧,耳机,对应,地下室,别看
楼,好人,赶快,二手,吨,电车,别墅
楼上,好事,敢,发挥,朵,电动,别说
楼下,好像,感冒,发票,躲,电力,别提了
路,合适,感情,发烧,儿女,电器,别致
路口,河,感受,法,耳朵,吊,别扭
路上,黑,干吗,法官,二维码,调研,彬彬有礼
妈妈,黑板,高速,法律,发布,跌,滨海
马路,黑色,高速公路,法院,发觉,定价,缤纷
马上,红,告别,翻,发射,定时,冰棍儿
吗,红色,歌迷,翻译,发行,定位,冰山
买,后来,歌声,烦,罚,动画,丙
慢,忽然,歌手,反,罚款,斗争,秉承
忙,湖,个人,反而,法规,都市,并非
毛,护照,个性,反映,法制,毒品,并购
没,花,各,方,繁荣,赌,并列
没关系,花园,各地,方案,返回,赌博,并行
没什么,画,各位,方针,防治,渡,病床
没事儿,画家,各种,放松,放大,端,病症
没有,画儿,各自,非,放弃,端午节,拨
妹妹,坏处,根本,肥,分成,短片,拨款
门,坏人,更加,分布,分解,队伍,拨通
门口,欢迎,工厂,分散,分类,对抗,波及
门票,换,工程师,分手,分离,对外,波澜
们,黄,工夫,分为,分析,蹲,波涛
米饭,黄色,工具,…分之…,分享,多半,波折
面包,回,工业,纷纷,丰收,多方面,剥夺
面条儿,回国,工资,奋斗,风度,多媒体,剥削
名字,会,公布,风格,风光,夺,伯伯
明白,活动,公共,风景,封,夺取,伯父
明年,或,公开,风俗,疯,恩人,伯母
明天,或者,公民,封闭,疯狂,儿科,驳回
拿,机会,公务员,否则,扶,发病,脖子
哪,鸡,功夫,夫妇,服从,发电,搏斗
哪里,级,功课,夫妻,幅,发放,不定
哪儿,急,功能,夫人,幅度,发怒,不见得
哪些,计划,共同,符号,福利,发起,不利于
那,计算机,共有,符合,辅助,发言人,不慎
那边,加,姑娘,付出,负责人,发炎,不适
那里,加油,古,负担,附件,法庭,不算
那儿,家,古代,附近,改革,法语,不像话
那些,家庭,故乡,复制,干脆,番,不屑
奶,家长,挂,改善,干扰,番茄,不懈
奶奶,假,关系,改正,干预,凡是,不亚于
男,假期,关注,盖,感想,繁殖,不亦乐乎
男孩儿,检查,观察,概括,钢笔,反抗,不翼而飞
男朋友,见到,观看,感兴趣,钢琴,反问,不用说
男人,见过,观念,高潮,高大,反响,不正之风
男生,件,观众,高价,高度,犯,补给
南,健康,管,高尚,高跟鞋,犯规,补救
南边,讲,管理,高铁,高温,犯罪,捕捉
难,讲话,光,格外,高于,防范,哺育
呢,交,光明,隔,高原,防守,不耻下问
能,交给,广播,隔开,搞,房价,不辞而别
你,交朋友,广大,个别,搞好,仿佛,不得而知
你们,交通,规定,个体,歌曲,飞船,不得已
年,角,规范,各个,隔壁,飞行员,不妨
您,角度,国内,根,个儿,肺,不服
牛奶,饺子,国庆,根据,跟前,分工,不服气
女,脚,果然,工程,跟随,分裂,不假思索
女儿,叫作,果汁,公元,更换,愤怒,不解
女孩儿,教师,过程,供应,更新,风暴,不经意
女朋友,教室,过去,共,工艺,峰会,不景气
女人,教学,哈哈,构成,工作日,奉献,不堪
女生,教育,海关,构造,公告,佛,不可避免
旁边,接,害怕,购买,公认,佛教,不可思议
跑,接到,行,购物,公式,服,不肯
朋友,接受,好好,骨头,公正,浮,不理
票,接下来,好奇,固定,共计,父女,不了了之
七,接着,合,瓜,共享,父子,不难
起,街,合法,怪,沟,负,不平
起床,节,合格,关,沟通,妇女,不起眼
起来,节目,合理,关闭,估计,复苏,不容
汽车,节日,合作,关于,古老,副,不如说
前,结果,和平,官,鼓,副,不同寻常
前边,借,红茶,官方,鼓励,富人,不为人知
前天,斤,红酒,光临,鼓掌,富有,不惜
钱,今后,后果,光盘,顾问,改装,不相上下
钱包,进入,后面,逛,怪,干涉,不宜
请,进行,后年,归,关怀,肝,不已
请假,近,互联网,规律,关键,杆,不以为然
请进,经常,互相,规模,冠军,赶不上,不由得
请问,经过,划船,规则,光荣,赶忙,不由自主
请坐,经理,华人,果实,光线,赶上,不予
球,酒,化,过分,广,敢于,不约而同
去,酒店,话剧,海水,广泛,感人,不知
去年,就要,话题,海鲜,规划,刚好,不知不觉
热,举,欢乐,含,鬼,岗位,不准
人,举手,环,含量,柜子,港口,布局
认识,举行,环保,含义,滚,高层,步伐
认真,句,环境,含有,锅,高档,步入
日,句子,会议,寒假,国籍,高等,步骤
日期,卡,会员,寒冷,国民,高峰,部件
肉,开机,活,行业,过度,高考,部署
三,开心,火,航班,过敏,高科技,猜谜
山,开学,机器,航空,过于,高手,猜想
商场,看法,积极,毫米,害,稿子,才华
商店,考生,基本,毫升,汗,歌唱,财经
上,靠,基本上,好友,好运,歌词,财力
上班,科,基础,号码,号召,歌星,财务
上边,科学,及时,好,合并,革新,财物
上车,可爱,…极了,合同,合成,更是,财政
上次,可能,集体,黑暗,盒,工商,裁
上课,可怕,集中,红包,盒饭,公,裁定
上网,可是,计算,后头,盒子,公安,裁决
上午,可以,记录,厚,贺卡,公鸡,采
上学,克,记者,呼吸,恨,公众,采集
少,刻,纪录,忽视,猴,公主,采矿
谁,客人,纪念,户,后悔,攻击,彩电
身上,课堂,技术,护士,胡同儿,供给,彩虹
身体,空气,继续,花,胡子,宫,彩霞
什么,哭,加工,划,虎,巩固,菜市场
生病,快餐,加快,划,华语,贡献,参见
生气,快点儿,加强,怀念,滑,构建,参军
生日,快乐,家具,怀疑,化石,孤独,参谋
十,快要,家属,缓解,划分,孤儿,参照
时候,筷子,家乡,黄瓜,画面,姑姑,餐桌
时间,拉,价格,黄金,环节,古典,残
事,来自,价钱,回复,慌,股,残留
试,蓝,价值,汇,慌忙,股东,残缺
是,蓝色,架,汇报,灰色,股票,残忍
是不是,篮球,坚持,汇率,恢复,故障,惭愧
手,老,坚决,婚礼,回报,顾,惨白
手机,老,坚强,火,回避,刮,惨痛
书,老年,简单,伙,回顾,拐,惨重
书包,老朋友,简直,伙伴,回收,关爱,灿烂
书店,老是,建,或许,回头,关联,苍蝇
树,离,建成,货,回信,观光,沧桑
水,离开,建立,获,回忆,官司,舱
水果,礼物,建设,获得,汇款,管道,藏匿
睡,里头,建议,获奖,会谈,光辉,藏品
睡觉,理想,将近,获取,活力,广阔,藏身
说,例如,将来,几乎,活泼,轨道,操控
说话,例子,交费,机构,火柴,跪,操劳
四,脸,交警,机遇,火腿,国产,操心
送,练,交流,积累,火灾,国歌,槽
岁,练习,交往,激动,或是,国会,草案
他,凉,交易,激烈,机器人,国旗,草坪
他们,凉快,叫,及格,机制,国王,侧面
她,两,较,极,肌肉,果酱,侧重
她们,亮,教材,极其,基地,果树,测算
太,辆,教练,即将,基金,过渡,测验
天,零下,结实,急忙,即使,过后,层出不穷
天气,留,接待,集合,集团,过时,蹭
听,留下,接近,记载,挤,海报,差错
听到,留学生,节约,纪律,记忆,海底,差额
听见,流,结合,技巧,技能,海军,插手
听写,流利,结婚,系,继承,海浪,插图
同学,流行,结束,季,加热,海外,插嘴
图书馆,路边,解决,季度,加上,海湾,茶道
外,旅客,解开,季节,加速,海洋,茶馆儿
外边,旅行,金,既,加以,好容易,查处
外国,旅游,金牌,既然,夹,好似,查明
外语,绿,仅,寄,甲,好转,查找
玩儿,绿色,仅仅,加班,价,好学,察觉
晚,卖,尽量,加入,驾驶,合约,察看
晚饭,满,紧,加油站,驾照,和谐,诧异
晚上,满意,紧急,家务,坚定,核心,掺
网上,猫,紧张,假如,肩,黑夜,搀
网友,米,进步,坚固,艰苦,很难说,馋
忘,面,进一步,检测,艰难,狠,禅杖
忘记,面前,进展,减,检验,横,缠
问,名,近期,减肥,减轻,衡量,产
我,名称,京剧,减少,剪,宏大,产地
我们,名单,经济,简历,剪刀,洪水,产物
五,明星,经历,健身,剪子,忽略,产值
午饭,目的,经验,渐渐,间接,壶,铲
西,拿出,经营,江,建造,互动,铲子
西边,拿到,精彩,讲究,建筑,户外,阐述
洗,那,精神,讲座,健全,护,颤抖
洗手间,那会儿,精神,奖,键,花费,猖狂
喜欢,那么,景色,奖金,键盘,花瓶,长达
下,那时候,警察,奖学金,将,花生,长期以来
下班,那样,静,降,将要,化解,长效
下边,南方,久,降低,奖励,幻想,长征
下车,难过,旧,降价,交代,患者,长足
下次,难看,救,降落,郊区,皇帝,常理
下课,难受,就是,降温,胶带,回应,常人
下午,难题,就业,交换,胶水,毁,常态
下雨,难听,举办,交际,脚步,会见,常温
先,能够,具体,教授,接触,会长,偿还
先生,年级,具有,教训,接连,绘画,嫦娥
现在,年轻,剧场,阶段,解除,昏,厂家
想,鸟,据说,街道,解放,混,敞开
小,弄,决定,节省,戒,混合,畅谈
小孩儿,努力,决赛,结,届,混乱,畅销
小姐,爬,决心,结构,今日,活跃,倡议
小朋友,爬山,绝对,结论,尽管,火箭,抄袭
小时,怕,咖啡,姐妹,紧紧,机动车,钞票
小学,排,开发,解释,尽可能,机关,超标
小学生,排队,开放,尽快,进化,机械,超车
笑,排球,开始,紧密,近来,基督教,超前
写,碰,开业,尽力,经费,激情,超速
谢谢,碰到,开展,进口,景象,吉利,朝代
新,碰见,看起来,近代,警告,吉祥,朝着
新年,篇,看上去,禁止,竞赛,极端,嘲弄
星期,便宜,考验,经典,竞争,急救,嘲笑
星期日,片,科技,精力,酒鬼,疾病,吵嘴
星期天,漂亮,可靠,竟然,救灾,集,车道
行,平,可乐,镜头,居然,给予,车祸
休息,平安,克服,镜子,局面,加盟,车间
学,平常,客观,究竟,局长,家电,车轮
学生,平等,课程,酒吧,举动,家园,车速
学习,平时,空,居民,拒绝,嘉宾,车位
学校,瓶,空调,居住,俱乐部,假日,车厢
学院,瓶子,恐怕,局,剧本,尖,车型
要,普通,空儿,巨大,决不,监测,车轴
爷爷,普通话,裤子,具备,绝望,监督,扯
也,其他,快速,距离,军人,捡,彻夜
页,其中,困,聚,开幕,简介,撤
一,骑,困难,聚会,开幕式,剑,撤换
衣服,骑车,浪费,卷,看成,鉴定,沉甸甸
医生,起飞,老百姓,卷,看出,箭,沉淀
医院,气,老板,角色,看待,将军,沉浸
一半,气温,老太太,开花,考核,讲课,沉闷
一会儿,千,老头儿,开水,烤肉,酱,沉迷
一块儿,千克,乐,看不起,烤鸭,酱油,沉思
一下儿,前年,乐观,看来,靠近,骄傲,沉稳
一样,墙,类,看望,颗,焦点,沉着
一边,青年,类似,考察,咳,脚印,陈旧
一点儿,青少年,离婚,考虑,可,觉,陈列
一起,轻,里面,棵,可怜,教堂,陈述
一些,清楚,理发,可见,可惜,教育部,衬托
用,晴,理解,空间,渴望,接收,趁
有,晴天,理论,空,刻,揭,趁机
有的,请客,理由,口袋,客户,街头,趁早
有名,请求,力,口语,客气,节,趁着
有时候,秋天,力量,苦,客厅,节假日,称呼
有些,求,立刻,会计,课题,节能,称作
有用,球场,利用,快递,肯定,节奏,成才
右,球队,连,宽,空中,杰出,成家
右边,球鞋,连忙,宽广,控制,截止,成年
雨,取,连续,矿泉水,口号,截至,成年
元,取得,连续剧,扩大,库,解,成千上万
远,全,联合,扩展,快活,解说,成群结队
月,全部,联合国,括号,宽度,界,成天
再,全国,联系,垃圾,狂,界,成问题
再见,全家,凉水,拉开,亏,借鉴,成型
在,全年,了,辣,困扰,金额,呈现
在家,全身,领,来不及,落,金钱,诚恳
早,全体,领导,来得及,来信,金融,诚心诚意
早饭,然后,领先,来源,烂,尽,诚意
早上,让,另外,老公,朗读,进攻,诚挚
怎么,热情,另一方面,老家,浪漫,近日,承包
站,人口,留学,老婆,劳动,近视,承载
找,人们,龙,老实,梨,惊人,城墙
找到,人数,录,乐趣,礼,惊喜,乘人之危
这,认为,录音,泪,礼拜,精,盛
这边,日报,路线,泪水,礼貌,精美,惩处
这里,日子,旅馆,类型,厉害,精品,惩罚
这儿,如果,旅行社,冷静,立,井,澄清
这些,入口,绿茶,厘米,立场,景,橙汁
着,商量,乱,离不开,利润,景点,逞能
真,商人,落后,力气,例外,净,逞强
真的,上周,麻烦,历史,连接,纠纷,秤
正,少数,马,立即,联络,纠正,吃不上
正在,少年,满足,利息,联想,酒水,吃喝玩乐
知道,身边,慢慢,利益,脸盆,救命,吃苦
知识,什么样,毛,俩,脸色,救援,吃亏
中,生,毛病,良好,恋爱,救助,痴呆
中国,生词,没用,量,两岸,就是说,痴迷
中间,生活,媒体,粮食,邻居,就算,痴心
中文,声音,每,两边,铃,局,池塘
中午,省,美,疗养,铃声,剧,驰名
中学,省,美好,了不起,领带,据,迟迟
中学生,十分,美丽,了解,令,捐,迟疑
重,实际,美食,列,流动,捐款,迟早
重要,实习,美术,列车,流通,捐赠,持
住,实现,美元,列入,漏,捐助,持久
准备,实在,迷,列为,漏洞,决策,持之以恒
桌子,实在,米,临时,逻辑,觉悟,尺度
字,食物,面对,零食,落实,绝,耻辱
子,使用,面积,流传,码头,绝大多数,耻笑
走,市,民间,楼梯,骂,军队,赤字
走路,市长,民族,陆地,买卖,军舰,翅膀
最,事情,明确,陆续,漫长,军事,冲刺
最好,收,明显,录取,漫画,开创,冲浪
最后,收到,命运,律师,毛笔,开关,冲洗
昨天,收入,某,轮,矛盾,开设,冲撞
左,手表,母亲,轮船,冒,开通,充
左边,受到,木头,轮椅,贸易,开头,充当
坐,舒服,目标,轮子,煤,开夜车,充沛
坐下,熟,目前,论文,煤气,看,充实
做,数,奶茶,落,门诊,看管,重播
,数字,男子,毛巾,迷人,看得见,重叠
,水平,南部,毛衣,迷信,看得起,重返
,顺利,难道,帽子,面貌,看好,重合
,说明,难度,没错,面子,看作,重申
,司机,内,没法儿,秒,康复,重现
,送到,内容,没想到,敏感,抗议,崇高
,送给,内心,美金,明亮,考场,崇尚
,算,能不能,美女,明明,考题,宠
,虽然,能力,梦,命令,科研,宠爱
,随便,年初,梦见,模范,客车,抽签
,随时,年代,梦想,模仿,肯,抽屉
,所以,年底,秘密,模糊,空军,抽象
,所有,年纪,秘书,模式,口试,仇
,它,念,密,摩擦,扣,仇恨
,它们,牛,密码,摩托,酷,仇人
,太太,农村,密切,模样,跨,稠
,太阳,农民,免费,目光,快车,稠密
,态度,农业,面临,耐心,宽阔,愁眉苦脸
,讨论,女子,面试,男性,矿,筹
,套,暖和,描述,南北,阔,筹办
,特别,怕,描写,南极,啦,筹备
,特点,拍,名牌儿,难得,来往,筹措
,疼,排,名片,难以,赖,筹划
,提,排名,名人,脑子,栏目,筹集
,提出,牌子,摸,内在,蓝领,筹码
,提到,派,模特儿,能量,蓝天,丑恶
,提高,判断,模型,年度,懒,丑陋
,题,胖,末,年龄,牢,丑闻
,体育,跑步,默默,年前,老乡,瞅
,体育场,配,哪怕,牛,冷气,出版社
,体育馆,配合,哪,牛仔裤,冷水,出厂
,天上,批评,男女,农产品,礼堂,出丑
,条,批准,男士,女性,理,出道
,条件,皮,难免,暖,理财,出发点
,听讲,皮包,脑袋,偶尔,理智,出风头
,听说,啤酒,闹,偶然,力,出境
,停,票价,闹钟,偶像,利,出局
,停车,评价,内部,拍摄,联盟,出具
,停车场,苹果,内科,排除,联赛,出口成章
,挺,破,能干,旁,联手,出卖
,挺好,破坏,宁静,陪,凉鞋,出毛病
,通,普遍,浓,赔,两侧,出难题
,通过,普及,女士,赔偿,两手,出人意料
,通知,期,暖气,配备,聊,出任
,同时,齐,拍照,配套,聊天儿,出山
,同事,其次,排列,喷,料,出身
,同样,其实,牌,盆,料,出示
,头,奇怪,盘,披,裂,出手
,头,气候,盘子,皮肤,灵活,出头
,头发,千万,胖子,皮鞋,领取,出土
,图片,前后,培训,脾气,领袖,出息
,推,前进,培训班,匹,另,出血
,腿,前面,培养,骗,留言,出演
,外地,前往,培育,骗子,流感,出洋相
,外卖,强,批,拼,楼道,出游
,完,强大,批,频道,楼房,出众
,完成,强调,片面,频繁,露,出主意
,完全,强烈,品质,品,陆军,出资
,晚安,桥,平方,品,录像,出自
,晚报,巧,平静,品种,录音机,出走
,晚餐,亲,平均,平坦,路过,初次
,晚会,亲切,平稳,平原,露,初衷
,碗,亲人,迫切,评估,旅店,除此之外
,万,亲自,破产,评论,绿化,除去
,网,情感,妻子,凭,马车,除外
,网球,情况,期待,泼,嘛,处方
,网站,请教,期间,葡萄,埋,处境
,往,庆祝,期末,葡萄酒,馒头,处置
,为,球迷,期限,期望,慢车,储备
,为什么,区,期中,齐全,盲人,储蓄
,位,区别,其余,其,梅花,触动
,味道,取消,企业,启动,美容,触犯
,喂,去世,气球,启发,蒙,触觉
,温度,全场,汽水,启事,蒙,触摸
,闻,全面,汽油,起到,猛,触目惊心
,问路,全球,器官,起码,棉,揣
,问题,缺,前头,气体,免得,揣测
,午餐,缺点,前途,气象,面对面,揣摩
,午睡,缺少,浅,签,面向,踹
,西北,确保,巧克力,签订,妙,川流不息
,西餐,确定,切,签名,灭,穿过
,西方,确实,亲爱,签约,民歌,穿小鞋
,西南,裙子,亲密,签证,民工,穿越
,西医,群,青春,签字,民警,穿着
,习惯,热爱,轻松,前景,民意,传承
,洗衣机,热烈,轻易,前提,民主,传奇
,洗澡,人才,清醒,欠,名额,传染
,下,人工,情景,枪,名胜,传染病
,下雪,人类,穷,强度,名义,传人
,下周,人民,穷人,墙壁,名誉,传授
,夏天,人民币,秋季,抢,明日,传闻
,相同,人群,趋势,抢救,命,船舶
,相信,人生,圈,强迫,膜,船桨
,响,人员,权利,悄悄,磨,喘
,想到,认出,却,敲,没收,喘息
,想法,认得,确认,敲门,墨水,串门
,想起,认可,然而,瞧,母,创伤
,向,任,燃料,琴,母鸡,床位
,相机,任,燃烧,勤奋,母女,创
,像,任何,热闹,青,母子,创始人
,小,任务,热心,清晨,墓,吹了
,小声,仍,人家,清理,拿走,吹牛
,小时候,仍然,日记,情节,奶粉,吹捧
,小说,日常,日历,情形,奶牛,垂
,小心,容易,如今,晴朗,难忘,垂头丧气
,小组,如何,弱,区域,内地,捶
,校园,散步,伞,全都,内外,锤子
,校长,沙发,散,全世界,内衣,纯粹
,笑话,沙子,扫,泉,能否,纯洁
,笑话儿,伤,色,劝,泥,纯朴
,鞋,伤心,色彩,缺乏,扭,醇厚
,心里,商品,耕,确立,排行榜,蠢
,心情,商业,晒,群体,派出,戳
,心中,上来,闪,群众,判,绰号
,新闻,上面,闪电,染,盼望,瓷
,信,上去,善良,绕,泡,瓷器
,信号,上升,善于,热量,炮,辞
,信息,上衣,伤害,热门,陪同,辞呈
,信心,设备,商务,人间,配置,辞去
,信用卡,设计,赏,人力,皮球,辞退
,星星,设立,上个月,人士,偏,慈善
,行动,社会,上楼,人物,贫困,慈祥
,行人,身份证,上门,忍,品牌,磁带
,行为,深,烧,忍不住,聘请,磁卡
,姓,深刻,设施,忍受,平凡,磁盘
,姓名,深入,设置,认,平方米,此起彼伏
,休假,升,申请,认定,平衡,次日
,许多,生,身材,扔,平台,伺候
,选,生产,身份,仍旧,评,刺耳
,学期,生存,身高,如此,评选,刺骨
,雪,生动,深厚,如同,屏幕,刺绣
,颜色,生命,神话,如下,坡,赐
,眼,生意,神秘,入门,扑,赐教
,眼睛,生长,甚至,软,铺,匆匆
,养,声明,失败,软件,欺负,匆忙
,样子,胜,失望,洒,奇妙,葱
,要求,胜利,失业,散,企图,从今以后
,药,失去,诗,散文,起点,从来不
,药店,石头,诗人,杀,起诉,从容
,药片,石油,湿,杀毒,气氛,从容不迫
,药水,时,实施,沙漠,恰当,从头
,也许,时代,实用,傻,恰好,从未
,夜,时刻,食堂,山区,恰恰,从业
,夜里,实际上,使劲,扇,牵,从早到晚
,一部分,实力,士兵,扇,铅笔,丛林
,一定,实行,市区,扇子,谦虚,凑
,一共,实验,似的,商标,前方,凑合
,一会儿,实验室,事物,上级,前来,凑巧
,一路平安,食品,事先,上下,潜力,粗暴
,一路顺风,使,试卷,上涨,强盗,粗糙
,已经,始终,是否,稍,强化,粗鲁
,以后,世纪,收回,稍微,强势,粗略
,以前,世界,收获,蛇,强壮,粗心大意
,以上,世界杯,收益,舍不得,桥梁,促成
,以外,市场,手工,舍得,巧妙,簇拥
,以为,事故,手里,设想,茄子,窜
,以下,事件,手术,社,切实,催
,椅子,事实,手套,社区,侵犯,催促
,一般,事实上,守,射,亲属,催眠
,一点点,事业,首,射击,亲眼,摧毁
,一生,试题,受不了,摄像,倾向,脆弱
,一直,试验,售货员,摄像机,清,翠绿
,亿,适合,叔叔,摄影,清洁,存放
,意见,适应,舒适,摄影师,清洁工,存心
,意思,适用,熟练,伸,清明节,存折
,因为,室,暑假,深处,清洗,搓
,阴,收费,树林,深度,情绪,磋商
,阴天,收看,树叶,神,求职,挫折
,音节,收听,数据,神经,球拍,措手不及
,音乐,收音机,数码,神奇,球星,错别字
,音乐会,手续,刷,神情,球员,错觉
,银行,手指,刷牙,升高,区分,错位
,银行卡,首都,刷子,生成,渠道,错综复杂
,应该,首先,帅,声,取款,搭乘
,英文,受,帅哥,胜负,取款机,搭建
,英语,受伤,率先,剩,去掉,达标
,影片,书架,睡着,剩下,权,答辩
,影响,输,顺序,失误,权力,打岔
,永远,输入,说不定,师傅,全力,打倒
,油,熟人,说服,诗歌,全新,打盹儿
,游客,属,思考,十足,券,打交道
,友好,属于,似乎,时常,缺陷,打搅
,有空儿,束,松,时光,却是,打捞
,有人,数量,松树,时机,让座,打量
,有点儿,双,塑料,时事,热点,打猎
,有意思,双方,塑料袋,实惠,热水,打磨
,又,思想,酸,拾,热水器,打通
,鱼,死,酸奶,使得,热线,打仗
,语言,速度,随手,示范,人权,打招呼
,原来,随,孙女,式,认同,大包大揽
,原因,所,孙子,势力,日夜,大笔
,院,所长,缩短,试图,日语,大臣
,院长,台,缩小,视频,融合,大吃一惊
,院子,谈,台阶,视为,融入,大大咧咧
,愿意,谈话,台上,收购,如,大地
,月份,谈判,躺,收集,如一,大队
,月亮,汤,套餐,收拾,乳制品,大幅度
,越,糖,特价,手段,入,大公无私
,越来越,特色,特殊,手法,入学,大家庭
,云,提前,特征,寿司,若,大街小巷
,运动,提问,提供,受灾,塞,大惊小怪
,咱,题目,提醒,瘦,赛,大局
,咱们,体会,体操,书法,赛场,大款
,脏,体现,体检,书柜,三明治,大面积
,早餐,体验,体重,书桌,丧失,大名鼎鼎
,早晨,天空,替,输出,山峰,大模大样
,早就,甜,替代,蔬菜,山谷,大棚
,怎么办,调,天真,熟悉,山坡,大片
,怎么样,调整,填,鼠,伤口,大气
,怎样,跳,填空,鼠标,伤亡,大厦
,占,跳高,挑,数目,伤员,大数据
,站,跳舞,挑选,摔,商城,大肆
,站住,跳远,调皮,摔倒,上当,大体
,长,铁,挑,率领,上帝,大体上
,长大,铁路,挑战,双手,上市,大同小异
,找出,听力,贴,水产品,上台,大腕儿
,照顾,听众,停下,水分,上演,大选
,照片,停止,挺,水库,勺,大雁
,照相,通常,通知书,水灾,少儿,大意
,这么,通信,同情,睡眠,舌头,大意
,这时候,同意,童话,说法,设计师,大有可为
,这样,痛,童年,硕士,涉及,大宗
,真正,痛苦,统计,私人,深化,歹徒
,正常,头,统一,思维,深深,逮
,正好,头脑,痛快,四周,审查,代号
,正确,突出,投,搜,升级,代理人
,正是,突然,投入,搜索,升学,代言人
,直接,图,投诉,宿舍,升值,带队
,只,图画,投资,酸甜苦辣,生活费,带路
,只能,土,透,随后,省钱,带头
,只要,团,透明,随意,圣诞节,带头人
,纸,团结,图案,随着,盛行,待
,中餐,团体,途中,岁月,师父,怠工
,中级,推动,土地,碎,师生,怠慢
,中年,推广,推迟,损害,时而,逮捕
,中小学,推进,推销,损失,时节,担
,中心,推开,脱,所在,时期,担当
,中医,退,袜子,锁,时时,担负
,重点,退出,外汇,台风,时装,单边
,重视,退休,外交官,抬,识,单薄
,周,外交,外套,抬头,识字,单方面
,周末,外面,弯,太空,实践,单身
,周年,外文,晚点,弹,食欲,耽搁
,主人,完美,万一,逃,市民,耽误
,主要,完善,王,逃跑,事后,胆怯
,住房,完整,网络,逃走,试点,胆子
,住院,玩具,网址,桃,适当,但愿
,装,往往,微笑,桃花,收藏,担
,准确,危害,微信,桃树,收取,担子
,自己,危险,围巾,讨厌,收养,诞辰
,自行车,为,维持,特定,手续费,淡化
,自由,为,维护,特性,首,淡季
,字典,围,维修,特有,首次,蛋白质
,走过,伟大,尾巴,提倡,首脑,当即
,走进,卫生,未必,提起,首席,当今
,走开,卫生间,未来,提示,首相,当面
,租,为了,位于,题材,书房,当日
,组,温暖,位置,体积,薯片,当事人
,组成,文化,味儿,体力,薯条,当务之急
,组长,文件,喂,天才,双打,当下
,嘴,文明,稳,天然气,爽,当心
,最近,文学,稳定,天文,水泥,当着
,作家,文章,问候,调节,税,当之无愧
,作文,文字,无,调解,顺,当众
,作业,握手,无法,厅,说明书,当晚
,作用,屋子,无聊,停留,说实话,当真
,座,武器,无论,通用,司长,荡漾
,座位,武术,无数,偷,死亡,档次
,做到,舞台,无所谓,偷偷,四处,导弹
,做法,西部,无限,突破,寺,导航
,做饭,希望,五颜六色,土豆,送礼,导火索
,,系,误会,吐,送行,导师
,,下来,西瓜,吐,素质,导向
,,下面,吸,兔,算了,岛屿
,,下去,吸管,团长,算是,捣乱
,,先进,吸收,推行,虽,倒卖
,,显得,吸烟,脱离,岁数,倒霉
,,显然,吸引,外界,所,倒塌
,,显示,喜爱,完了,踏实,倒下
,,现场,系列,微博,塔,到头来
,,现代,系统,为难,踏,到位
,,现金,细,为期,台灯,倒计时
,,现实,细节,为止,太阳能,倒数
,,现象,细致,为主,叹气,盗
,,线,下个月,违法,探索,盗窃
,,相比,下降,违反,探讨,悼念
,,相当,下楼,违规,趟,道具
,,相关,下载,围绕,掏,稻草
,,相互,夏季,唯一,特,得不偿失
,,相似,鲜,委托,特大,得当
,,香,鲜花,卫星,特地,得力
,,香蕉,鲜明,胃,特快,得失
,,消费,咸,慰问,特意,得手
,,消失,显著,温和,疼痛,得体
,,消息,县,文艺,踢,得天独厚
,,效果,限制,卧室,提交,得益于
,,写作,相处,握,提升,得意扬扬
,,血,相反,污染,天然,得知
,,心,箱,污水,天堂,得罪
,,信,箱子,屋,天下,德
,,信封,想念,无奈,添,灯笼
,,信任,想象,无疑,田,灯泡
,,行李,项,舞,田径,登机
,,形成,项目,物价,跳水,登陆
,,形式,相片,物业,听取,蹬
,,形象,消化,物质,通报,凳子
,,形状,销售,误解,通道,瞪
,,幸福,小吃,西红柿,通红,低调
,,幸运,小伙子,西装,通话,低估
,,性,小型,喜剧,通行,低谷
,,性别,效率,戏,通讯,低价
,,性格,些,戏剧,同,低迷
,,修,心理,吓,同胞,低碳
,,修改,新郎,先后,同行,低下
,,需求,新娘,先前,同期,堤
,,需要,新鲜,鲜艳,同一,堤坝
,,宣布,新型,闲,铜牌,提防
,,宣传,兴奋,显,头疼,笛子
,,选手,形容,现有,投票,抵触
,,学费,形势,现状,透露,抵挡
,,训练,型,线索,图书,抵消
,,压,型号,献,徒弟,抵押
,,压力,醒,乡,途径,抵御
,,烟,兴趣,乡村,土,抵制
,,眼前,性质,相等,团队,底层
,,演,兄弟,相应,推出,底线
,,演唱,胸部,香肠,退票,底蕴
,,演唱会,修理,详细,吞,底子
,,演出,选择,享受,托,地步
,,演员,学分,向导,拖,地道
,,羊,学年,向前,拖鞋,地道
,,阳光,学时,向上,挖,地段
,,要是,学术,相声,娃娃,地理
,,衣架,学问,象征,哇,地毯
,,一切,寻找,消除,外币,地下水
,,已,迅速,消毒,外部,地狱
,,以来,牙,消防,外出,地域
,,一方面,牙刷,消费者,外观,地质
,,艺术,亚运会,消极,外科,弟子
,,意外,呀,小偷儿,外来,帝国
,,意义,延长,歇,外头,帝国主义
,,因此,延期,协议,外衣,递交
,,银,延续,协议书,外资,第一手
,,银牌,严,斜,弯曲,第一线
,,印象,严格,心态,顽皮,颠倒
,,应当,严重,心疼,顽强,颠覆
,,迎接,研究,辛苦,王后,巅峰
,,营养,研究生,欣赏,王子,典范
,,赢,研制,信念,网吧,点火
,,影视,盐,信箱,网页,点击率
,,应用,眼镜,行驶,往后,点评
,,优点,眼泪,形态,往来,点心
,,优势,眼里,性能,往年,点缀
,,由,演讲,雄伟,望见,点子
,,由于,阳台,熊,危机,电报
,,邮件,养成,休闲,威胁,电铃
,,邮票,腰,修复,微波炉,电网
,,邮箱,摇,修建,维生素,电线
,,游,药物,修养,为此,电信
,,游戏,要,虚心,为何,电讯
,,游泳,业余,许可,文娱,垫
,,有的是,叶子,选修,卧铺,垫底
,,有利,医疗,学科,乌云,垫子
,,有效,医学,学位,无边,淀粉
,,预报,依靠,学者,无关,惦记
,,预防,依然,寻求,无效,奠定
,,预计,一律,询问,舞蹈,殿堂
,,预习,一再,押金,物品,刁难
,,员,一致,鸭子,误,叼
,,员工,移,亚军,西班牙语,雕
,,愿望,移动,延伸,吸毒,雕刻
,,约,移民,严厉,牺牲,雕塑
,,乐队,遗产,严肃,洗衣粉,吊销
,,运输,遗传,言语,戏曲,钓鱼
,,杂志,疑问,研究所,细胞,调度
,,早已,以及,眼光,细菌,掉队
,,造,以内,邀请,先锋,掉头
,,造成,一般来说,摇头,嫌,爹
,,责任,义务,咬,显出,迭起
,,增加,议论,也好,险,叠
,,增长,引,业务,线路,丁
,,展开,引导,夜间,陷入,叮嘱
,,张,引进,一流,响声,盯
,,照,引起,依法,想不到,钉子
,,者,应,依旧,消耗,顶多
,,真实,英勇,依据,消灭,顶级
,,争,营业,依照,小费,顶尖
,,争取,赢得,一辈子,小麦,订单
,,整,影子,一带,小于,订购
,,整个,勇敢,一旦,晓得,订婚
,,整理,勇气,一句话,笑脸,订立
,,整齐,用途,一路,笑容,钉
,,整体,优良,一下儿,笑声,定金
,,整天,优美,一下子,协会,定居
,,整整,优秀,一向,协商,定论
,,正,邮局,乙,协调,定为
,,正式,有劲儿,以便,协助,定向
,,证,有趣,以往,写字楼,定心丸
,,证件,有限,一口气,写字台,定义
,,证据,幼儿园,一身,心灵,定做
,,证明,于是,意识,心愿,丢掉
,,支,语法,意味着,心脏,丢脸
,,支持,语音,意志,心脏病,丢弃
,,支付,玉,因而,新人,丢人
,,只,玉米,饮料,新兴,丢失
,,直,预测,饮食,薪水,东奔西走
,,直播,预订,印刷,信仰,东道主
,,直到,遇,应,信用,东张西望
,,值,遇到,硬,兴旺,董事
,,值得,遇见,硬件,行程,董事会
,,职工,原料,拥抱,形,董事长
,,职业,原则,拥有,凶,懂事
,,只好,圆,用不着,凶手,动不动
,,只是,圆满,用户,修车,动荡
,,只有,约会,用来,袖珍,动感
,,指,月底,用于,悬,动工
,,指出,阅读,优惠,旋转,动静
,,指导,运动会,优先,选拔,动脉
,,至今,运动员,幽默,选举,动身
,,至少,运气,尤其,学会,动弹
,,志愿,运用,由此,学员,动听
,,志愿者,再三,犹豫,血管,动向
,,制定,在乎,游泳池,血液,动用
,,制度,在于,友谊,循环,冻结
,,制造,赞成,有毒,压迫,栋
,,制作,赞赏,有害,烟花,栋梁
,,中部,赞助,有力,沿,兜
,,中华民族,造型,有利于,沿海,兜儿
,,终于,战斗,有着,沿着,兜售
,,钟,战胜,羽毛球,研发,抖
,,种,战士,羽绒服,眼看,陡
,,种子,战争,雨水,演奏,斗
,,重大,丈夫,预备,宴会,斗志
,,周围,招呼,预期,洋,豆浆
,,猪,着,元旦,仰,豆子
,,主持,着火,园林,养老,逗
,,主动,着急,原理,氧气,都会
,,主任,召开,原始,样,督促
,,主意,折,原先,药品,独
,,主张,针,原有,要不然,独唱
,,注意,针对,远处,要好,独家
,,祝,阵,怨,要么,独立自主
,,抓,争论,愿,要素,独身
,,抓住,征服,约束,野,独一无二
,,专家,征求,月饼,野生,堵塞
,,专门,政府,月球,医药,杜绝
,,专题,政治,阅览室,依次,妒忌
,,专业,之后,运,依赖,度
,,转,之间,运行,一次性,度假
,,转变,之前,灾,一代,渡过
,,状况,之一,灾害,一道,端正
,,状态,支,灾难,一贯,短缺
,,追,植物,灾区,一路上,短暂
,,准,指挥,再次,仪器,段落
,,资格,制订,再也,仪式,断定
,,资金,质量,在场,遗憾,断断续续
,,子女,治,在内,一番,断裂
,,自从,治疗,暂时,一模一样,堆砌
,,自动,智力,暂停,一齐,队形
,,自觉,智能,糟,一时,对白
,,自然,中介,糟糕,一同,对策
,,自身,种类,早期,一行,对称
,,自主,中奖,增,艺人,对得起
,,总,种,增产,议题,对联
,,总结,种植,增大,异常,对弈
,,总是,重量,增多,意想不到,对照
,,足够,逐步,增强,意愿,对峙
,,足球,逐渐,赠,因,对准
,,组合,主题,赠送,因素,兑换
,,左右,主席,摘,阴谋,兑现
,,作品,祝福,展览,阴影,敦促
,,作者,著名,展示,音量,敦厚
,,做客,著作,展现,音像,炖
,,,抓紧,占领,隐藏,顿时
,,,专心,占有,隐私,多边
,,,转动,涨,印,多功能
,,,转告,涨价,英雄,多亏
,,,转身,掌握,迎来,多劳多得
,,,转弯,招生,影迷,多年来
,,,转移,招手,影星,多心
,,,装修,珍贵,应对,多余
,,,装置,珍惜,应急,多元
,,,追求,珍珠,用处,哆嗦
,,,准时,真诚,用得着,夺冠
,,,资料,真理,用法,夺魁
,,,资源,真相,用品,躲避
,,,自,诊断,用心,躲藏
,,,自信,振动,优质,舵手
,,,字母,震惊,游人,堕落
,,,综合,争议,游玩,讹诈
,,,总共,正版,游戏机,俄语
,,,总理,正规,游行,鹅
,,,总统,正如,有关,额外
,,,总之,正义,有没有,厄运
,,,阻止,证实,有事,恶
,,,嘴巴,证书,于,恶化
,,,最初,挣,娱乐,恶劣
,,,作出,挣钱,愉快,恶性
,,,作为,之内,与,恶意
,,,做梦,之外,宇航员,遏制
,,,,之下,雨衣,鳄鱼
,,,,之中,预约,恩赐
,,,,支出,元素,恩惠
,,,,支配,园,恩情
,,,,执行,园地,恩怨
,,,,直线,原,而已
,,,,值班,原告,耳光
,,,,职能,原谅,耳目一新
,,,,职位,圆珠笔,耳熟能详
,,,,职务,援助,耳闻目睹
,,,,只不过,缘故,二手车
,,,,只见,远方,二氧化碳
,,,,指标,远离,发布会
,,,,指甲,远远,发财
,,,,指示,约定,发愁
,,,,指责,乐曲,发电机
,,,,至,晕,发抖
,,,,制成,允许,发愤图强
,,,,制约,运作,发光
,,,,治安,晕车,发火
,,,,治理,杂,发酵
,,,,中断,再生,发掘
,,,,中秋节,再说,发愣
,,,,中央,遭到,发脾气
,,,,中药,遭受,发起人
,,,,终点,遭遇,发热
,,,,终身,早晚,发誓
,,,,终止,增进,发泄
,,,,中毒,增值,发扬
,,,,众多,扎,发扬光大
,,,,周期,扎实,发育
,,,,竹子,炸,发源地
,,,,主办,炸弹,发作
,,,,主导,炸药,阀门
,,,,主观,债,发型
,,,,主管,占据,帆
,,,,主体,战场,帆船
,,,,助理,战略,翻番
,,,,助手,战术,翻来覆去
,,,,注册,战友,翻天覆地
,,,,注射,站台,凡
,,,,注视,章,烦闷
,,,,注重,长,烦恼
,,,,祝贺,掌声,烦躁
,,,,专辑,账,繁华
,,,,专利,账户,繁忙
,,,,转化,涨,繁体字
,,,,转换,障碍,繁重
,,,,转让,招,反驳
,,,,转向,招聘,反差
,,,,装饰,照样,反常
,,,,撞,照耀,反倒
,,,,资本,哲学,反感
,,,,资产,这就是说,反过来
,,,,资助,镇,反击
,,,,子弹,争夺,反馈
,,,,仔细,整顿,反面
,,,,紫,整治,反思
,,,,自豪,正当,反弹
,,,,自杀,政策,反省
,,,,自愿,政党,返还
,,,,总裁,政权,犯愁
,,,,总数,症状,饭碗
,,,,总算,之类,泛滥
,,,,总体,支撑,范畴
,,,,阻碍,支援,贩卖
,,,,组织,枝,方方面面
,,,,醉,知名,方向盘
,,,,尊敬,织,方言
,,,,尊重,直升机,防盗
,,,,遵守,职责,防盗门
,,,,,止,防护
,,,,,只得,防火墙
,,,,,只顾,防卫
,,,,,只管,防汛
,,,,,指定,防疫
,,,,,指数,防御
,,,,,指头,妨碍
,,,,,指着,妨害
,,,,,至于,房地产
,,,,,治病,仿
,,,,,智慧,仿制
,,,,,中等,访谈
,,,,,中华,纺织
,,,,,中期,放过
,,,,,中外,放水
,,,,,忠心,放肆
,,,,,钟头,放映
,,,,,肿,放置
,,,,,种种,放纵
,,,,,粥,飞速
,,,,,珠宝,飞往
,,,,,诸位,飞翔
,,,,,主持人,飞跃
,,,,,主角,非
,,,,,主流,非得
,,,,,煮,非法
,,,,,住宅,非凡
,,,,,驻,绯闻
,,,,,柱子,肥料
,,,,,祝愿,肥胖
,,,,,专用,肥沃
,,,,,转,肥皂
,,,,,转动,诽谤
,,,,,赚,废
,,,,,赚钱,废除
,,,,,装备,废话
,,,,,壮观,废品
,,,,,追究,废寝忘食
,,,,,捉,废物
,,,,,咨询,废墟
,,,,,自来水,沸沸扬扬
,,,,,自我,沸腾
,,,,,自学,费劲
,,,,,自言自语,分辨
,,,,,自在,分寸
,,,,,宗教,分担
,,,,,总部,分割
,,,,,总监,分红
,,,,,总经理,分化
,,,,,总量,分泌
,,,,,走私,分明
,,,,,奏,分歧
,,,,,租金,分赃
,,,,,足,分支
,,,,,足以,芬芳
,,,,,族,吩咐
,,,,,族,氛围
,,,,,祖父,坟
,,,,,祖国,坟墓
,,,,,祖母,焚烧
,,,,,钻,粉
,,,,,最佳,粉丝
,,,,,最终,粉碎
,,,,,罪,分量
,,,,,罪恶,分外
,,,,,作,份额
,,,,,作废,奋力
,,,,,作战,奋勇
,,,,,座谈会,粪
,,,,,,粪便
,,,,,,丰富多彩
,,,,,,丰厚
,,,,,,丰满
,,,,,,丰盛
,,,,,,丰硕
,,,,,,风波
,,,,,,风采
,,,,,,风餐露宿
,,,,,,风范
,,,,,,风风雨雨
,,,,,,风和日丽
,,,,,,风浪
,,,,,,风力
,,,,,,风流
,,,,,,风貌
,,,,,,风气
,,,,,,风情
,,,,,,风趣
,,,,,,风沙
,,,,,,风尚
,,,,,,风水
,,,,,,风味
,,,,,,风雨
,,,,,,风云
,,,,,,风筝
,,,,,,封顶
,,,,,,封建
,,,,,,封面
,,,,,,封锁
,,,,,,疯子
,,,,,,峰回路转
,,,,,,蜂蜜
,,,,,,逢
,,,,,,缝
,,,,,,缝合
,,,,,,讽刺
,,,,,,凤凰
,,,,,,缝
,,,,,,否决
,,,,,,孵化
,,,,,,敷
,,,,,,扶持
,,,,,,服饰
,,,,,,服务器
,,,,,,服用
,,,,,,俘获
,,,,,,俘虏
,,,,,,浮力
,,,,,,浮现
,,,,,,浮躁
,,,,,,辐射
,,,,,,福气
,,,,,,抚摸
,,,,,,抚恤
,,,,,,抚养
,,,,,,抚养费
,,,,,,斧子
,,,,,,俯首
,,,,,,辅导
,,,,,,腐败
,,,,,,腐化
,,,,,,腐烂
,,,,,,腐蚀
,,,,,,腐朽
,,,,,,付费
,,,,,,付款
,,,,,,负面
,,,,,,负有
,,,,,,附
,,,,,,附带
,,,,,,附和
,,,,,,附加
,,,,,,附属
,,,,,,赴
,,,,,,复查
,,,,,,复发
,,,,,,复合
,,,,,,复活
,,,,,,复兴
,,,,,,复原
,,,,,,副作用
,,,,,,赋予
,,,,,,富含
,,,,,,富豪
,,,,,,富强
,,,,,,富翁
,,,,,,富裕
,,,,,,富足
,,,,,,腹部
,,,,,,腹泻
,,,,,,覆盖
,,,,,,该
,,,,,,改版
,,,,,,改编
,,,,,,改动
,,,,,,改革开放
,,,,,,改良
,,,,,,改名
,,,,,,改日
,,,,,,改为
,,,,,,改邪归正
,,,,,,钙
,,,,,,盖子
,,,,,,概况
,,,,,,概率
,,,,,,概论
,,,,,,干戈
,,,,,,干旱
,,,,,,干燥
,,,,,,甘心
,,,,,,肝脏
,,,,,,尴尬
,,,,,,赶赴
,,,,,,赶往
,,,,,,敢情
,,,,,,感
,,,,,,感触
,,,,,,感恩
,,,,,,感激
,,,,,,感慨
,,,,,,感染
,,,,,,感染力
,,,,,,感叹
,,,,,,感性
,,,,,,干部
,,,,,,干事
,,,,,,刚毅
,,,,,,纲领
,,,,,,纲要
,,,,,,钢
,,,,,,缸
,,,,,,港
,,,,,,杠铃
,,,,,,高昂
,,,,,,高傲
,,,,,,高超
,,,,,,高低
,,,,,,高调
,,,,,,高额
,,,,,,高尔夫球
,,,,,,高峰期
,,,,,,高贵
,,,,,,高空
,,,,,,高龄
,,,,,,高明
,,,,,,高山
,,,,,,高效
,,,,,,高新技术
,,,,,,高血压
,,,,,,高压
,,,,,,高雅
,,,,,,高涨
,,,,,,搞鬼
,,,,,,搞笑
,,,,,,告
,,,,,,告辞
,,,,,,告诫
,,,,,,告示
,,,,,,告知
,,,,,,告状
,,,,,,戈壁
,,,,,,胳膊
,,,,,,鸽子
,,,,,,搁
,,,,,,搁浅
,,,,,,搁置
,,,,,,割
,,,,,,歌剧
,,,,,,歌颂
,,,,,,歌舞
,,,,,,歌咏
,,,,,,革命
,,,,,,格
,,,,,,格格不入
,,,,,,格局
,,,,,,格式
,,,,,,隔阂
,,,,,,隔离
,,,,,,个案
,,,,,,个头儿
,,,,,,各奔前程
,,,,,,各式各样
,,,,,,根基
,,,,,,根深蒂固
,,,,,,根源
,,,,,,根治
,,,,,,跟不上
,,,,,,跟上
,,,,,,跟踪
,,,,,,更改
,,,,,,更衣室
,,,,,,耕地
,,,,,,耿直
,,,,,,工地
,,,,,,工会
,,,,,,工科
,,,,,,工商界
,,,,,,工序
,,,,,,工整
,,,,,,工作量
,,,,,,弓
,,,,,,公安局
,,,,,,公车
,,,,,,公道
,,,,,,公费
,,,,,,公共场所
,,,,,,公关
,,,,,,公函
,,,,,,公积金
,,,,,,公开信
,,,,,,公款
,,,,,,公立
,,,,,,公墓
,,,,,,公仆
,,,,,,公顷
,,,,,,公然
,,,,,,公示
,,,,,,公事
,,,,,,公务
,,,,,,公益
,,,,,,公益性
,,,,,,公用
,,,,,,公寓
,,,,,,公约
,,,,,,公证
,,,,,,公职
,,,,,,功
,,,,,,功臣
,,,,,,功底
,,,,,,功劳
,,,,,,功力
,,,,,,功率
,,,,,,功效
,,,,,,攻
,,,,,,攻读
,,,,,,攻关
,,,,,,供
,,,,,,供不应求
,,,,,,供暖
,,,,,,供求
,,,,,,宫殿
,,,,,,宫廷
,,,,,,恭维
,,,,,,恭喜
,,,,,,拱
,,,,,,共鸣
,,,,,,共识
,,,,,,共同体
,,,,,,共性
,,,,,,供奉
,,,,,,勾
,,,,,,勾画
,,,,,,勾结
,,,,,,钩
,,,,,,钩子
,,,,,,构思
,,,,,,构想
,,,,,,购
,,,,,,够呛
,,,,,,估算
,,,,,,沽名钓誉
,,,,,,孤单
,,,,,,孤立
,,,,,,孤零零
,,,,,,孤陋寡闻
,,,,,,辜负
,,,,,,古董
,,,,,,古怪
,,,,,,古迹
,,,,,,古今中外
,,,,,,古朴
,,,,,,古人
,,,,,,股份
,,,,,,股民
,,,,,,股市
,,,,,,骨干
,,,,,,骨气
,,,,,,骨折
,,,,,,鼓动
,,,,,,鼓舞
,,,,,,固然
,,,,,,固执
,,,,,,故
,,,,,,顾不得
,,,,,,顾不上
,,,,,,顾及
,,,,,,顾虑
,,,,,,顾全大局
,,,,,,雇
,,,,,,雇佣
,,,,,,雇员
,,,,,,雇主
,,,,,,瓜分
,,,,,,瓜子
,,,,,,刮风
,,,,,,寡妇
,,,,,,挂钩
,,,,,,挂号
,,,,,,挂念
,,,,,,挂失
,,,,,,乖
,,,,,,乖巧
,,,,,,拐弯
,,,,,,拐杖
,,,,,,怪不得
,,,,,,怪物
,,,,,,怪异
,,,,,,关掉
,,,,,,关节
,,,,,,关税
,,,,,,关头
,,,,,,关照
,,,,,,观测
,,,,,,观感
,,,,,,观摩
,,,,,,观赏
,,,,,,观望
,,,,,,官兵
,,,,,,官吏
,,,,,,官僚
,,,,,,官僚主义
,,,,,,官员
,,,,,,棺材
,,,,,,管家
,,,,,,管教
,,,,,,管理费
,,,,,,管辖
,,,,,,管用
,,,,,,管子
,,,,,,贯彻
,,,,,,贯穿
,,,,,,贯通
,,,,,,惯
,,,,,,惯例
,,,,,,惯性
,,,,,,灌
,,,,,,灌溉
,,,,,,灌输
,,,,,,罐
,,,,,,罐头
,,,,,,光彩
,,,,,,光碟
,,,,,,光顾
,,,,,,光滑
,,,,,,光环
,,,,,,光缆
,,,,,,光芒
,,,,,,光明磊落
,,,,,,光泽
,,,,,,广义
,,,,,,归根到底
,,,,,,归还
,,,,,,归结
,,,,,,归来
,,,,,,归纳
,,,,,,归属
,,,,,,归宿
,,,,,,龟
,,,,,,规格
,,,,,,规矩
,,,,,,闺女
,,,,,,瑰宝
,,,,,,轨迹
,,,,,,柜台
,,,,,,贵宾
,,,,,,贵重
,,,,,,贵族
,,,,,,桂花
,,,,,,滚动
,,,,,,棍
,,,,,,棍子
,,,,,,国宝
,,,,,,国防
,,,,,,国画
,,,,,,国徽
,,,,,,国情
,,,,,,国土
,,,,,,国学
,,,,,,国有
,,,,,,果断
,,,,,,果园
,,,,,,果真
,,,,,,裹
,,,,,,过半
,,,,,,过不去
,,,,,,过错
,,,,,,过道
,,,,,,过关
,,,,,,过奖
,,,,,,过节
,,,,,,过境
,,,,,,过滤
,,,,,,过期
,,,,,,过日子
,,,,,,过剩
,,,,,,过失
,,,,,,过头
,,,,,,过往
,,,,,,过意不去
,,,,,,过瘾
,,,,,,过硬
,,,,,,过早
,,,,,,海岸
,,,,,,海拔
,,,,,,海滨
,,,,,,海盗
,,,,,,海量
,,,,,,海绵
,,,,,,海面
,,,,,,海内外
,,,,,,海滩
,,,,,,海峡
,,,,,,海啸
,,,,,,海域
,,,,,,海运
,,,,,,海藻
,,,,,,骇人听闻
,,,,,,害虫
,,,,,,害臊
,,,,,,害羞
,,,,,,酣畅
,,,,,,酣睡
,,,,,,含糊
,,,,,,含蓄
,,,,,,函授
,,,,,,涵盖
,,,,,,涵义
,,,,,,罕见
,,,,,,汗水
,,,,,,旱
,,,,,,旱灾
,,,,,,捍卫
,,,,,,焊
,,,,,,行家
,,,,,,行列
,,,,,,行情
,,,,,,航海
,,,,,,航天
,,,,,,航天员
,,,,,,航行
,,,,,,航运
,,,,,,毫不
,,,,,,毫不犹豫
,,,,,,毫无
,,,,,,豪华
,,,,,,好比
,,,,,,好歹
,,,,,,好感
,,,,,,好坏
,,,,,,好家伙
,,,,,,好评
,,,,,,好说
,,,,,,好笑
,,,,,,好心
,,,,,,好心人
,,,,,,好意
,,,,,,好在
,,,,,,号称
,,,,,,好客
,,,,,,好奇心
,,,,,,耗
,,,,,,耗费
,,,,,,耗时
,,,,,,浩劫
,,,,,,呵护
,,,,,,禾苗
,,,,,,合唱
,,,,,,合乎
,,,,,,合伙
,,,,,,合计
,,,,,,合情合理
,,,,,,合影
,,,,,,合资
,,,,,,合作社
,,,,,,何必
,,,,,,何处
,,,,,,何苦
,,,,,,何况
,,,,,,何时
,,,,,,和蔼
,,,,,,和解
,,,,,,和睦
,,,,,,和平共处
,,,,,,和气
,,,,,,和尚
,,,,,,河流
,,,,,,河畔
,,,,,,荷花
,,,,,,核
,,,,,,核电站
,,,,,,核对
,,,,,,核能
,,,,,,核实
,,,,,,核桃
,,,,,,核武器
,,,,,,贺电
,,,,,,贺信
,,,,,,喝彩
,,,,,,赫然
,,,,,,鹤立鸡群
,,,,,,黑白
,,,,,,黑客
,,,,,,黑马
,,,,,,黑手
,,,,,,黑心
,,,,,,嘿
,,,,,,痕迹
,,,,,,恨不得
,,,,,,哼
,,,,,,横七竖八
,,,,,,横向
,,,,,,横
,,,,,,轰
,,,,,,轰动
,,,,,,轰炸
,,,,,,哄
,,,,,,哄堂大笑
,,,,,,烘干
,,,,,,烘托
,,,,,,弘扬
,,,,,,红灯
,,,,,,红火
,,,,,,红扑扑
,,,,,,红润
,,,,,,红薯
,,,,,,红眼
,,,,,,宏观
,,,,,,宏伟
,,,,,,洪亮
,,,,,,哄
,,,,,,哄
,,,,,,喉咙
,,,,,,吼
,,,,,,后备
,,,,,,后备箱
,,,,,,后代
,,,,,,后盾
,,,,,,后顾之忧
,,,,,,后期
,,,,,,后勤
,,,,,,后人
,,,,,,后台
,,,,,,后退
,,,,,,后续
,,,,,,后遗症
,,,,,,后裔
,,,,,,后者
,,,,,,厚道
,,,,,,厚度
,,,,,,候选人
,,,,,,呼风唤雨
,,,,,,呼唤
,,,,,,呼救
,,,,,,呼声
,,,,,,呼应
,,,,,,呼吁
,,,,,,忽高忽低
,,,,,,忽悠
,,,,,,胡闹
,,,,,,胡说
,,,,,,胡思乱想
,,,,,,湖泊
,,,,,,糊
,,,,,,糊涂
,,,,,,互补
,,,,,,互访
,,,,,,互信
,,,,,,互助
,,,,,,护理
,,,,,,花瓣
,,,,,,花卉
,,,,,,花纹
,,,,,,花样
,,,,,,划算
,,,,,,华丽
,,,,,,华侨
,,,,,,华裔
,,,,,,哗变
,,,,,,哗然
,,,,,,滑冰
,,,,,,滑稽
,,,,,,滑梯
,,,,,,滑雪
,,,,,,化肥
,,,,,,化身
,,,,,,化纤
,,,,,,化险为夷
,,,,,,化验
,,,,,,化妆
,,,,,,划时代
,,,,,,画册
,,,,,,画龙点睛
,,,,,,画蛇添足
,,,,,,画展
,,,,,,话费
,,,,,,话筒
,,,,,,话语
,,,,,,怀抱
,,,,,,怀旧
,,,,,,怀里
,,,,,,怀孕
,,,,,,怀着
,,,,,,槐树
,,,,,,坏事
,,,,,,欢呼
,,,,,,欢聚
,,,,,,欢快
,,,,,,欢声笑语
,,,,,,还款
,,,,,,还原
,,,,,,环球
,,,,,,环绕
,,,,,,缓
,,,,,,缓和
,,,,,,缓缓
,,,,,,缓慢
,,,,,,幻觉
,,,,,,幻影
,,,,,,换成
,,,,,,换取
,,,,,,换位
,,,,,,换言之
,,,,,,唤起
,,,,,,患
,,,,,,患病
,,,,,,患有
,,,,,,焕发
,,,,,,荒
,,,,,,荒诞
,,,,,,荒凉
,,,,,,荒谬
,,,,,,慌乱
,,,,,,慌张
,,,,,,皇宫
,,,,,,皇后
,,,,,,皇上
,,,,,,皇室
,,,,,,黄昏
,,,,,,恍然大悟
,,,,,,晃
,,,,,,谎话
,,,,,,谎言
,,,,,,晃
,,,,,,晃荡
,,,,,,灰
,,,,,,灰尘
,,,,,,灰心
,,,,,,挥
,,,,,,辉煌
,,,,,,回归
,,,,,,回扣
,,,,,,回馈
,,,,,,回落
,,,,,,回升
,,,,,,回首
,,,,,,回味
,,,,,,回想
,,,,,,回忆录
,,,,,,悔恨
,,,,,,毁坏
,,,,,,毁灭
,,,,,,汇合
,,,,,,汇集
,,,,,,汇聚
,,,,,,会场
,,,,,,会面
,,,,,,会晤
,,,,,,会意
,,,,,,会诊
,,,,,,绘声绘色
,,,,,,贿赂
,,,,,,昏迷
,,,,,,婚纱
,,,,,,婚姻
,,,,,,浑身
,,,,,,魂
,,,,,,混凝土
,,,,,,混淆
,,,,,,混浊
,,,,,,豁
,,,,,,豁出去
,,,,,,活该
,,,,,,活期
,,,,,,活儿
,,,,,,火暴
,,,,,,火锅
,,,,,,火候
,,,,,,火花
,,,,,,火炬
,,,,,,火辣辣
,,,,,,火热
,,,,,,火山
,,,,,,火速
,,,,,,火焰
,,,,,,火药
,,,,,,伙食
,,,,,,或多或少
,,,,,,货币
,,,,,,货车
,,,,,,货物
,,,,,,货运
,,,,,,获胜
,,,,,,获悉
,,,,,,祸害
,,,,,,霍乱
,,,,,,豁达
,,,,,,几率
,,,,,,讥笑
,,,,,,饥饿
,,,,,,机舱
,,,,,,机动
,,,,,,机灵
,,,,,,机密
,,,,,,机智
,,,,,,肌肤
,,,,,,积
,,,,,,积淀
,,,,,,积蓄
,,,,,,基本功
,,,,,,基层
,,,,,,基因
,,,,,,基于
,,,,,,基准
,,,,,,畸形
,,,,,,激发
,,,,,,激光
,,,,,,激化
,,,,,,激活
,,,,,,激励
,,,,,,激起
,,,,,,激素
,,,,,,及
,,,,,,及其
,,,,,,及早
,,,,,,吉普
,,,,,,吉他
,,,,,,吉祥物
,,,,,,级别
,,,,,,极度
,,,,,,极力
,,,,,,极少数
,,,,,,极为
,,,,,,极限
,,,,,,即
,,,,,,即便
,,,,,,即可
,,,,,,急剧
,,,,,,急迫
,,,,,,急性
,,,,,,急需
,,,,,,急于
,,,,,,急诊
,,,,,,急转弯
,,,,,,棘手
,,,,,,集会
,,,,,,集结
,,,,,,集邮
,,,,,,集装箱
,,,,,,集资
,,,,,,嫉妒
,,,,,,挤压
,,,,,,脊梁
,,,,,,计
,,,,,,计策
,,,,,,计较
,,,,,,计时
,,,,,,记号
,,,,,,记忆犹新
,,,,,,纪录片
,,,,,,纪念碑
,,,,,,纪念馆
,,,,,,纪念日
,,,,,,纪实
,,,,,,技艺
,,,,,,忌
,,,,,,忌讳
,,,,,,忌口
,,,,,,剂
,,,,,,迹象
,,,,,,继
,,,,,,继而
,,,,,,继父
,,,,,,继母
,,,,,,祭
,,,,,,祭奠
,,,,,,祭祀
,,,,,,寄托
,,,,,,寂静
,,,,,,寂寞
,,,,,,加紧
,,,,,,加剧
,,,,,,加深
,,,,,,加重
,,,,,,佳节
,,,,,,家伙
,,,,,,家家户户
,,,,,,家教
,,,,,,家境
,,,,,,家禽
,,,,,,家用
,,,,,,家喻户晓
,,,,,,家政
,,,,,,家族
,,,,,,嘉年华
,,,,,,假定
,,,,,,假冒
,,,,,,假设
,,,,,,假使
,,,,,,假装
,,,,,,价位
,,,,,,价值观
,,,,,,驾
,,,,,,驾车
,,,,,,驾驭
,,,,,,架势
,,,,,,架子
,,,,,,嫁
,,,,,,嫁妆
,,,,,,尖端
,,,,,,尖锐
,,,,,,奸诈
,,,,,,歼灭
,,,,,,坚持不懈
,,,,,,坚韧
,,,,,,坚实
,,,,,,坚守
,,,,,,坚信
,,,,,,坚硬
,,,,,,肩膀
,,,,,,肩负
,,,,,,艰巨
,,,,,,艰苦奋斗
,,,,,,艰险
,,,,,,艰辛
,,,,,,监察
,,,,,,监管
,,,,,,监护
,,,,,,监控
,,,,,,监视
,,,,,,监狱
,,,,,,兼
,,,,,,兼顾
,,,,,,兼任
,,,,,,兼容
,,,,,,兼职
,,,,,,煎
,,,,,,拣
,,,,,,检察
,,,,,,检讨
,,,,,,减免
,,,,,,减弱
,,,,,,减速
,,,,,,减压
,,,,,,简称
,,,,,,简短
,,,,,,简化
,,,,,,简洁
,,,,,,简陋
,,,,,,简体字
,,,,,,简要
,,,,,,简易
,,,,,,见解
,,,,,,见钱眼开
,,,,,,见仁见智
,,,,,,见识
,,,,,,见外
,,,,,,见效
,,,,,,见义勇为
,,,,,,见证
,,,,,,间谍
,,,,,,间断
,,,,,,间隔
,,,,,,间隙
,,,,,,建交
,,,,,,建树
,,,,,,建筑师
,,,,,,建筑物
,,,,,,贱
,,,,,,健美
,,,,,,健壮
,,,,,,溅
,,,,,,鉴别
,,,,,,鉴赏
,,,,,,鉴于
,,,,,,姜
,,,,,,僵
,,,,,,僵化
,,,,,,僵局
,,,,,,讲解
,,,,,,讲述
,,,,,,讲学
,,,,,,奖杯
,,,,,,奖牌
,,,,,,奖品
,,,,,,奖项
,,,,,,降临
,,,,,,交叉
,,,,,,交锋
,,,,,,交付
,,,,,,交集
,,,,,,交接
,,,,,,交界
,,,,,,交纳
,,,,,,交情
,,,,,,交涉
,,,,,,交谈
,,,,,,交替
,,,,,,交头接耳
,,,,,,交响乐
,,,,,,郊外
,,,,,,郊游
,,,,,,浇
,,,,,,娇惯
,,,,,,娇气
,,,,,,胶囊
,,,,,,胶片
,,,,,,焦
,,,,,,焦急
,,,,,,焦距
,,,,,,焦虑
,,,,,,焦躁
,,,,,,礁石
,,,,,,嚼
,,,,,,角落
,,,,,,狡猾
,,,,,,绞
,,,,,,矫正
,,,,,,搅
,,,,,,搅拌
,,,,,,缴
,,,,,,缴费
,,,,,,缴纳
,,,,,,叫板
,,,,,,叫好
,,,,,,轿车
,,,,,,较劲
,,,,,,较量
,,,,,,教科书
,,,,,,教条
,,,,,,教养
,,,,,,阶层
,,,,,,阶级
,,,,,,阶梯
,,,,,,皆
,,,,,,结
,,,,,,结果
,,,,,,接班
,,,,,,接班人
,,,,,,接二连三
,,,,,,接轨
,,,,,,接济
,,,,,,接见
,,,,,,接力
,,,,,,接纳
,,,,,,接手
,,,,,,接送
,,,,,,接替
,,,,,,接听
,,,,,,接通
,,,,,,揭发
,,,,,,揭露
,,,,,,揭示
,,,,,,揭晓
,,,,,,节俭
,,,,,,节气
,,,,,,节水
,,,,,,节衣缩食
,,,,,,劫
,,,,,,劫持
,,,,,,洁净
,,,,,,结冰
,,,,,,结晶
,,,,,,结局
,,,,,,结识
,,,,,,结尾
,,,,,,截
,,,,,,截然不同
,,,,,,竭尽全力
,,,,,,竭力
,,,,,,解答
,,,,,,解读
,,,,,,解雇
,,,,,,解救
,,,,,,解剖
,,,,,,解散
,,,,,,解体
,,,,,,解脱
,,,,,,解围
,,,,,,解析
,,,,,,介入
,,,,,,介意
,,,,,,介于
,,,,,,戒备
,,,,,,戒烟
,,,,,,戒指
,,,,,,届时
,,,,,,界定
,,,,,,界限
,,,,,,界线
,,,,,,借口
,,,,,,借条
,,,,,,借用
,,,,,,借助
,,,,,,金属
,,,,,,金子
,,,,,,金字塔
,,,,,,津津有味
,,,,,,津贴
,,,,,,筋
,,,,,,禁不住
,,,,,,仅次于
,,,,,,尽
,,,,,,尽早
,,,,,,紧凑
,,,,,,紧接着
,,,,,,紧迫
,,,,,,紧缺
,,,,,,紧缩
,,,,,,锦旗
,,,,,,谨慎
,,,,,,尽情
,,,,,,尽头
,,,,,,进场
,,,,,,进程
,,,,,,进出
,,,,,,进出口
,,,,,,进度
,,,,,,进而
,,,,,,进修
,,,,,,近年来
,,,,,,劲头
,,,,,,晋升
,,,,,,浸泡
,,,,,,禁忌
,,,,,,禁区
,,,,,,茎
,,,,,,经
,,,,,,经度
,,,,,,经久不息
,,,,,,经贸
,,,,,,经商
,,,,,,经受
,,,,,,荆棘
,,,,,,惊
,,,,,,惊诧
,,,,,,惊慌
,,,,,,惊慌失措
,,,,,,惊奇
,,,,,,惊叹
,,,,,,惊天动地
,,,,,,惊险
,,,,,,惊心动魄
,,,,,,惊醒
,,,,,,惊讶
,,,,,,晶莹
,,,,,,兢兢业业
,,,,,,精打细算
,,,,,,精华
,,,,,,精简
,,,,,,精练
,,,,,,精妙
,,,,,,精明
,,,,,,精疲力竭
,,,,,,精确
,,,,,,精神病
,,,,,,精髓
,,,,,,精通
,,,,,,精细
,,,,,,精心
,,,,,,精益求精
,,,,,,精英
,,,,,,精致
,,,,,,颈部
,,,,,,景观
,,,,,,景区
,,,,,,警车
,,,,,,警官
,,,,,,警惕
,,,,,,警钟
,,,,,,净化
,,,,,,竞技
,,,,,,竞相
,,,,,,竞选
,,,,,,竟
,,,,,,竟敢
,,,,,,敬
,,,,,,敬爱
,,,,,,敬而远之
,,,,,,敬酒
,,,,,,敬礼
,,,,,,敬佩
,,,,,,敬请
,,,,,,敬业
,,,,,,敬意
,,,,,,敬重
,,,,,,静止
,,,,,,境地
,,,,,,境界
,,,,,,境内
,,,,,,境外
,,,,,,境遇
,,,,,,窘迫
,,,,,,纠缠
,,,,,,揪
,,,,,,久违
,,,,,,久仰
,,,,,,酒精
,,,,,,酒楼
,,,,,,救护车
,,,,,,救济
,,,,,,救治
,,,,,,就餐
,,,,,,就地
,,,,,,就读
,,,,,,就近
,,,,,,就任
,,,,,,就医
,,,,,,就诊
,,,,,,就职
,,,,,,就座
,,,,,,舅舅
,,,,,,拘留
,,,,,,拘束
,,,,,,居高临下
,,,,,,居民楼
,,,,,,鞠躬
,,,,,,局部
,,,,,,局势
,,,,,,局限
,,,,,,菊花
,,,,,,橘子
,,,,,,沮丧
,,,,,,举报
,,,,,,举措
,,,,,,举例
,,,,,,举世闻名
,,,,,,举世无双
,,,,,,举世瞩目
,,,,,,举一反三
,,,,,,举止
,,,,,,举重
,,,,,,巨额
,,,,,,巨人
,,,,,,巨头
,,,,,,巨星
,,,,,,巨型
,,,,,,剧烈
,,,,,,剧目
,,,,,,剧情
,,,,,,剧团
,,,,,,剧院
,,,,,,剧组
,,,,,,据此
,,,,,,据悉
,,,,,,距
,,,,,,锯
,,,,,,聚集
,,,,,,聚精会神
,,,,,,捐献
,,,,,,卷入
,,,,,,卷子
,,,,,,圈
,,,,,,决议
,,,,,,诀别
,,,,,,诀窍
,,,,,,角逐
,,,,,,觉醒
,,,,,,绝技
,,,,,,绝缘
,,,,,,绝招
,,,,,,倔强
,,,,,,崛起
,,,,,,爵士
,,,,,,倔
,,,,,,军官
,,,,,,均衡
,,,,,,均匀
,,,,,,君子
,,,,,,俊
,,,,,,俊俏
,,,,,,骏马
,,,,,,竣工
,,,,,,卡车
,,,,,,卡片
,,,,,,卡通
,,,,,,开办
,,,,,,开采
,,,,,,开场
,,,,,,开场白
,,,,,,开除
,,,,,,开动
,,,,,,开发区
,,,,,,开发商
,,,,,,开工
,,,,,,开垦
,,,,,,开口
,,,,,,开阔
,,,,,,开朗
,,,,,,开辟
,,,,,,开启
,,,,,,开枪
,,,,,,开天辟地
,,,,,,开拓
,,,,,,开销
,,,,,,开张
,,,,,,开支
,,,,,,凯歌
,,,,,,楷模
,,,,,,刊登
,,,,,,刊物
,,,,,,看护
,,,,,,勘探
,,,,,,堪称
,,,,,,侃大山
,,,,,,砍
,,,,,,看得出
,,,,,,看热闹
,,,,,,看似
,,,,,,看台
,,,,,,看样子
,,,,,,看中
,,,,,,看重
,,,,,,慷慨
,,,,,,扛
,,,,,,抗衡
,,,,,,抗拒
,,,,,,抗生素
,,,,,,抗争
,,,,,,考量
,,,,,,烤
,,,,,,靠拢
,,,,,,苛刻
,,,,,,科幻
,,,,,,科目
,,,,,,科普
,,,,,,磕
,,,,,,壳
,,,,,,咳嗽
,,,,,,可悲
,,,,,,可不是
,,,,,,可乘之机
,,,,,,可耻
,,,,,,可歌可泣
,,,,,,可观
,,,,,,可贵
,,,,,,可口
,,,,,,可谓
,,,,,,可恶
,,,,,,可想而知
,,,,,,可笑
,,,,,,可信
,,,,,,可行
,,,,,,可疑
,,,,,,克隆
,,,,,,克制
,,,,,,刻苦
,,,,,,刻意
,,,,,,刻舟求剑
,,,,,,客房
,,,,,,客机
,,,,,,客流
,,,,,,客运
,,,,,,恳求
,,,,,,啃
,,,,,,坑
,,,,,,空荡荡
,,,,,,空难
,,,,,,空前
,,,,,,空想
,,,,,,空虚
,,,,,,恐怖
,,,,,,恐吓
,,,,,,恐慌
,,,,,,恐惧
,,,,,,恐龙
,,,,,,空白
,,,,,,空地
,,,,,,空隙
,,,,,,控告
,,,,,,抠
,,,,,,口碑
,,,,,,口才
,,,,,,口吃
,,,,,,口感
,,,,,,口径
,,,,,,口令
,,,,,,口气
,,,,,,口腔
,,,,,,口哨
,,,,,,口水
,,,,,,口头
,,,,,,口味
,,,,,,口香糖
,,,,,,口音
,,,,,,口罩
,,,,,,口子
,,,,,,扣除
,,,,,,扣留
,,,,,,扣人心弦
,,,,,,扣押
,,,,,,枯燥
,,,,,,哭泣
,,,,,,哭笑不得
,,,,,,窟窿
,,,,,,苦力
,,,,,,苦练
,,,,,,苦难
,,,,,,苦恼
,,,,,,苦笑
,,,,,,苦心
,,,,,,酷似
,,,,,,夸
,,,,,,夸大
,,,,,,夸奖
,,,,,,夸夸其谈
,,,,,,夸耀
,,,,,,夸张
,,,,,,垮
,,,,,,挎
,,,,,,跨国
,,,,,,跨越
,,,,,,快捷
,,,,,,宽敞
,,,,,,宽泛
,,,,,,宽厚
,,,,,,宽容
,,,,,,宽恕
,,,,,,宽松
,,,,,,款式
,,,,,,款项
,,,,,,筐
,,,,,,狂欢
,,,,,,狂欢节
,,,,,,狂热
,,,,,,旷课
,,,,,,况且
,,,,,,矿藏
,,,,,,框
,,,,,,框架
,,,,,,亏本
,,,,,,亏损
,,,,,,昆虫
,,,,,,捆
,,,,,,困惑
,,,,,,困境
,,,,,,扩
,,,,,,扩建
,,,,,,扩散
,,,,,,扩张
,,,,,,括弧
,,,,,,阔绰
,,,,,,拉动
,,,,,,拉拢
,,,,,,拉锁
,,,,,,啦啦队
,,,,,,喇叭
,,,,,,腊月
,,,,,,蜡
,,,,,,蜡烛
,,,,,,辣椒
,,,,,,来宾
,,,,,,来电
,,,,,,来访
,,,,,,来回
,,,,,,来历
,,,,,,来临
,,,,,,来龙去脉
,,,,,,来年
,,,,,,来源于
,,,,,,拦
,,,,,,栏
,,,,,,栏杆
,,,,,,蓝图
,,,,,,揽
,,,,,,缆车
,,,,,,懒得
,,,,,,懒惰
,,,,,,滥用
,,,,,,狼
,,,,,,狼狈
,,,,,,朗诵
,,,,,,浪
,,,,,,捞
,,,,,,劳动力
,,,,,,劳累
,,,,,,劳务
,,,,,,牢固
,,,,,,牢记
,,,,,,牢牢
,,,,,,唠叨
,,,,,,老伴儿
,,,,,,老大
,,,,,,老汉
,,,,,,老化
,,,,,,老人家
,,,,,,老实说
,,,,,,老远
,,,,,,老字号
,,,,,,姥姥
,,,,,,姥爷
,,,,,,涝
,,,,,,乐意
,,,,,,乐园
,,,,,,勒
,,,,,,雷同
,,,,,,累积
,,,,,,累计
,,,,,,类别
,,,,,,棱角
,,,,,,冷淡
,,,,,,冷冻
,,,,,,冷酷
,,,,,,冷酷无情
,,,,,,冷落
,,,,,,冷门
,,,,,,冷漠
,,,,,,冷笑
,,,,,,冷战
,,,,,,愣
,,,,,,离谱儿
,,,,,,离奇
,,,,,,离职
,,,,,,黎明
,,,,,,礼服
,,,,,,礼品
,,,,,,礼仪
,,,,,,里程碑
,,,,,,理睬
,,,,,,理会
,,,,,,理科
,,,,,,理念
,,,,,,理事
,,,,,,理所当然
,,,,,,理性
,,,,,,理直气壮
,,,,,,力不从心
,,,,,,力度
,,,,,,力求
,,,,,,力所能及
,,,,,,力争
,,,,,,历程
,,,,,,历届
,,,,,,历经
,,,,,,历来
,,,,,,历时
,,,,,,立方
,,,,,,立方米
,,,,,,立功
,,,,,,立交桥
,,,,,,立体
,,,,,,立足
,,,,,,励志
,,,,,,利害
,,,,,,利率
,,,,,,利索
,,,,,,粒
,,,,,,连滚带爬
,,,,,,连绵
,,,,,,连任
,,,,,,连锁
,,,,,,连锁店
,,,,,,连夜
,,,,,,怜惜
,,,,,,帘子
,,,,,,莲子
,,,,,,联邦
,,,,,,联欢
,,,,,,联网
,,,,,,廉价
,,,,,,廉洁
,,,,,,廉正
,,,,,,廉政
,,,,,,脸颊
,,,,,,炼
,,,,,,恋恋不舍
,,,,,,良
,,,,,,良心
,,,,,,良性
,,,,,,凉爽
,,,,,,两口子
,,,,,,两栖
,,,,,,亮点
,,,,,,亮丽
,,,,,,亮相
,,,,,,谅解
,,,,,,辽阔
,,,,,,疗法
,,,,,,疗效
,,,,,,寥寥无几
,,,,,,潦草
,,,,,,了结
,,,,,,了却
,,,,,,料到
,,,,,,料理
,,,,,,咧嘴
,,,,,,列举
,,,,,,劣势
,,,,,,劣质
,,,,,,烈士
,,,,,,猎犬
,,,,,,猎人
,,,,,,裂缝
,,,,,,裂痕
,,,,,,拎
,,,,,,邻国
,,,,,,临
,,,,,,临床
,,,,,,临街
,,,,,,临近
,,,,,,淋
,,,,,,灵
,,,,,,灵感
,,,,,,灵魂
,,,,,,灵机一动
,,,,,,灵敏
,,,,,,灵巧
,,,,,,灵通
,,,,,,凌晨
,,,,,,零花钱
,,,,,,零件
,,,,,,零钱
,,,,,,零售
,,,,,,领队
,,,,,,领会
,,,,,,领军
,,,,,,领略
,,,,,,领事
,,,,,,领事馆
,,,,,,领土
,,,,,,领悟
,,,,,,领养
,,,,,,领域
,,,,,,溜
,,,,,,溜达
,,,,,,浏览
,,,,,,浏览器
,,,,,,留恋
,,,,,,留念
,,,,,,留神
,,,,,,留心
,,,,,,留意
,,,,,,流畅
,,,,,,流程
,,,,,,流浪
,,,,,,流泪
,,,,,,流量
,,,,,,流露
,,,,,,流氓
,,,,,,流入
,,,,,,流失
,,,,,,流水
,,,,,,流淌
,,,,,,流向
,,,,,,流血
,,,,,,流域
,,,,,,流转
,,,,,,柳树
,,,,,,遛
,,,,,,龙舟
,,,,,,聋
,,,,,,聋人
,,,,,,笼子
,,,,,,隆重
,,,,,,垄断
,,,,,,笼统
,,,,,,笼罩
,,,,,,搂
,,,,,,露面
,,,,,,芦花
,,,,,,炉灶
,,,,,,炉子
,,,,,,卤味
,,,,,,鲁莽
,,,,,,录制
,,,,,,鹿
,,,,,,路程
,,,,,,路灯
,,,,,,路段
,,,,,,路况
,,,,,,路面
,,,,,,路人
,,,,,,路途
,,,,,,路子
,,,,,,露天
,,,,,,旅程
,,,,,,旅途
,,,,,,铝
,,,,,,屡
,,,,,,屡次
,,,,,,缕
,,,,,,履行
,,,,,,率
,,,,,,绿灯
,,,,,,绿地
,,,,,,孪生
,,,,,,卵
,,,,,,乱七八糟
,,,,,,掠夺
,,,,,,略
,,,,,,略微
,,,,,,抡
,,,,,,伦理
,,,,,,轮换
,,,,,,轮廓
,,,,,,轮流
,,,,,,轮胎
,,,,,,论述
,,,,,,论坛
,,,,,,论证
,,,,,,罗
,,,,,,萝卜
,,,,,,螺丝
,,,,,,裸
,,,,,,裸露
,,,,,,络绎不绝
,,,,,,落差
,,,,,,落地
,,,,,,落户
,,,,,,落下
,,,,,,麻
,,,,,,麻
,,,,,,麻痹
,,,,,,麻将
,,,,,,麻辣
,,,,,,麻木
,,,,,,麻醉
,,,,,,马后炮
,,,,,,马虎
,,,,,,马力
,,,,,,马桶
,,,,,,马戏
,,,,,,码
,,,,,,码
,,,,,,埋藏
,,,,,,埋伏
,,,,,,埋没
,,,,,,买不起
,,,,,,迈
,,,,,,迈进
,,,,,,卖弄
,,,,,,脉搏
,,,,,,脉络
,,,,,,埋怨
,,,,,,蛮
,,,,,,瞒
,,,,,,满怀
,,,,,,蔓延
,,,,,,漫
,,,,,,漫游
,,,,,,慢慢来
,,,,,,慢性
,,,,,,忙活
,,,,,,忙碌
,,,,,,忙乱
,,,,,,盲目
,,,,,,茫然
,,,,,,矛头
,,,,,,茅台
,,,,,,茂密
,,,,,,茂盛
,,,,,,冒充
,,,,,,冒犯
,,,,,,冒昧
,,,,,,冒险
,,,,,,没劲
,,,,,,没说的
,,,,,,没完没了
,,,,,,没意思
,,,,,,没辙
,,,,,,没准儿
,,,,,,玫瑰
,,,,,,枚
,,,,,,眉开眼笑
,,,,,,眉毛
,,,,,,煤矿
,,,,,,煤炭
,,,,,,每当
,,,,,,每逢
,,,,,,美德
,,,,,,美观
,,,,,,美化
,,,,,,美景
,,,,,,美满
,,,,,,美妙
,,,,,,美人
,,,,,,美味
,,,,,,美中不足
,,,,,,美滋滋
,,,,,,魅力
,,,,,,闷
,,,,,,门当户对
,,,,,,门槛
,,,,,,门铃
,,,,,,门路
,,,,,,闷
,,,,,,萌发
,,,,,,萌芽
,,,,,,盟友
,,,,,,朦胧
,,,,,,猛烈
,,,,,,猛然
,,,,,,梦幻
,,,,,,弥补
,,,,,,弥漫
,,,,,,迷惑
,,,,,,迷惑不解
,,,,,,迷恋
,,,,,,迷路
,,,,,,迷失
,,,,,,谜
,,,,,,谜底
,,,,,,谜团
,,,,,,谜语
,,,,,,秘方
,,,,,,秘诀
,,,,,,密不可分
,,,,,,密度
,,,,,,密封
,,,,,,密集
,,,,,,蜜
,,,,,,蜜蜂
,,,,,,蜜月
,,,,,,棉花
,,,,,,免
,,,,,,免不了
,,,,,,免除
,,,,,,免疫
,,,,,,免职
,,,,,,勉强
,,,,,,缅怀
,,,,,,面部
,,,,,,面粉
,,,,,,面红耳赤
,,,,,,面面俱到
,,,,,,面目全非
,,,,,,苗
,,,,,,苗条
,,,,,,苗头
,,,,,,描绘
,,,,,,瞄准
,,,,,,渺小
,,,,,,庙
,,,,,,庙会
,,,,,,灭绝
,,,,,,灭亡
,,,,,,民办
,,,,,,民俗
,,,,,,民用
,,,,,,民众
,,,,,,敏捷
,,,,,,敏锐
,,,,,,名副其实
,,,,,,名贵
,,,,,,名利
,,,,,,名气
,,,,,,名声
,,,,,,名言
,,,,,,名著
,,,,,,明朗
,,,,,,明媚
,,,,,,明智
,,,,,,铭记
,,,,,,命
,,,,,,命名
,,,,,,命题
,,,,,,摸索
,,,,,,模拟
,,,,,,磨合
,,,,,,磨难
,,,,,,磨损
,,,,,,蘑菇
,,,,,,魔鬼
,,,,,,魔术
,,,,,,抹
,,,,,,末日
,,,,,,没落
,,,,,,陌生
,,,,,,莫非
,,,,,,莫过于
,,,,,,莫名其妙
,,,,,,漠然
,,,,,,墨
,,,,,,默读
,,,,,,默默无闻
,,,,,,默契
,,,,,,谋害
,,,,,,谋求
,,,,,,谋生
,,,,,,牡丹
,,,,,,亩
,,,,,,木板
,,,,,,木材
,,,,,,木匠
,,,,,,木偶
,,,,,,目不转睛
,,,,,,目瞪口呆
,,,,,,目的地
,,,,,,目睹
,,,,,,目录
,,,,,,目中无人
,,,,,,沐浴露
,,,,,,牧场
,,,,,,牧民
,,,,,,募捐
,,,,,,墓碑
,,,,,,墓地
,,,,,,幕
,,,,,,幕后
,,,,,,穆斯林
,,,,,,拿手
,,,,,,哪知道
,,,,,,呐喊
,,,,,,纳闷儿
,,,,,,纳入
,,,,,,纳税
,,,,,,纳税人
,,,,,,乃
,,,,,,乃至
,,,,,,耐
,,,,,,耐人寻味
,,,,,,耐性
,,,,,,南瓜
,,,,,,难处
,,,,,,难得一见
,,,,,,难点
,,,,,,难怪
,,,,,,难关
,,,,,,难堪
,,,,,,难说
,,,,,,难为情
,,,,,,难以想象
,,,,,,难以置信
,,,,,,挠
,,,,,,恼羞成怒
,,,,,,脑海
,,,,,,脑筋
,,,,,,闹事
,,,,,,闹着玩儿
,,,,,,内存
,,,,,,内阁
,,,,,,内涵
,,,,,,内行
,,,,,,内幕
,,,,,,内向
,,,,,,内需
,,,,,,嫩
,,,,,,能耗
,,,,,,能耐
,,,,,,能人
,,,,,,能源
,,,,,,尼龙
,,,,,,泥潭
,,,,,,泥土
,,,,,,拟
,,,,,,拟定
,,,,,,逆
,,,,,,匿名
,,,,,,年画
,,,,,,年迈
,,,,,,年限
,,,,,,年薪
,,,,,,年夜饭
,,,,,,年终
,,,,,,黏
,,,,,,念念不忘
,,,,,,念书
,,,,,,念头
,,,,,,娘
,,,,,,酿造
,,,,,,鸟巢
,,,,,,尿
,,,,,,捏
,,,,,,拧
,,,,,,凝固
,,,,,,凝聚
,,,,,,拧
,,,,,,宁可
,,,,,,宁愿
,,,,,,扭曲
,,,,,,扭头
,,,,,,扭转
,,,,,,纽带
,,,,,,纽扣
,,,,,,农场
,,,,,,农历
,,,,,,农民工
,,,,,,农作物
,,,,,,浓厚
,,,,,,浓缩
,,,,,,浓郁
,,,,,,浓重
,,,,,,弄虚作假
,,,,,,奴隶
,,,,,,女婿
,,,,,,暖烘烘
,,,,,,虐待
,,,,,,挪
,,,,,,诺言
,,,,,,哦
,,,,,,殴打
,,,,,,呕吐
,,,,,,趴
,,,,,,拍板
,,,,,,拍卖
,,,,,,拍戏
,,,,,,排斥
,,,,,,排放
,,,,,,排练
,,,,,,徘徊
,,,,,,牌照
,,,,,,派别
,,,,,,派遣
,,,,,,鑾
,,,,,,攀升
,,,,,,盘
,,,,,,盘算
,,,,,,判处
,,,,,,判定
,,,,,,判决
,,,,,,盼
,,,,,,叛逆
,,,,,,庞大
,,,,,,旁观
,,,,,,抛
,,,,,,抛开
,,,,,,抛弃
,,,,,,刨
,,,,,,跑车
,,,,,,跑道
,,,,,,跑龙套
,,,,,,泡沫
,,,,,,胚胎
,,,,,,陪伴
,,,,,,陪葬
,,,,,,赔钱
,,,,,,佩服
,,,,,,配件
,,,,,,配偶
,,,,,,配送
,,,,,,配音
,,,,,,喷泉
,,,,,,抨击
,,,,,,烹调
,,,,,,蓬勃
,,,,,,鹏程万里
,,,,,,膨胀
,,,,,,捧
,,,,,,捧场
,,,,,,碰钉子
,,,,,,碰巧
,,,,,,碰上
,,,,,,碰撞
,,,,,,批发
,,,,,,批判
,,,,,,披露
,,,,,,劈
,,,,,,皮带
,,,,,,疲惫
,,,,,,疲惫不堪
,,,,,,疲倦
,,,,,,疲劳
,,,,,,脾
,,,,,,匹配
,,,,,,媲美
,,,,,,僻静
,,,,,,譬如
,,,,,,譬如说
,,,,,,片子
,,,,,,偏差
,,,,,,偏方
,,,,,,偏见
,,,,,,偏僻
,,,,,,偏偏
,,,,,,偏向
,,,,,,偏远
,,,,,,篇幅
,,,,,,片段
,,,,,,骗人
,,,,,,漂
,,,,,,飘
,,,,,,票房
,,,,,,撇
,,,,,,拼搏
,,,,,,拼命
,,,,,,贫富
,,,,,,贫穷
,,,,,,频率
,,,,,,频频
,,,,,,品尝
,,,,,,品德
,,,,,,品位
,,,,,,品行
,,,,,,聘
,,,,,,聘任
,,,,,,聘用
,,,,,,乒乓球
,,,,,,平常心
,,,,,,平淡
,,,,,,平和
,,,,,,平价
,,,,,,平面
,,,,,,平民
,,,,,,平日
,,,,,,平息
,,,,,,评定
,,,,,,评论员
,,,,,,评判
,,,,,,评审
,,,,,,评委
,,,,,,凭借
,,,,,,凭着
,,,,,,凭证
,,,,,,瓶颈
,,,,,,萍水相逢
,,,,,,泼冷水
,,,,,,颇
,,,,,,迫不及待
,,,,,,迫害
,,,,,,迫使
,,,,,,破案
,,,,,,破除
,,,,,,破解
,,,,,,破旧
,,,,,,破裂
,,,,,,破灭
,,,,,,破碎
,,,,,,魄力
,,,,,,扑克
,,,,,,扑面而来
,,,,,,铺路
,,,,,,菩萨
,,,,,,朴实
,,,,,,朴素
,,,,,,普通人
,,,,,,谱
,,,,,,瀑布
,,,,,,七嘴八舌
,,,,,,沏
,,,,,,凄凉
,,,,,,期盼
,,,,,,欺骗
,,,,,,欺诈
,,,,,,漆
,,,,,,齐心协力
,,,,,,其后
,,,,,,其间
,,,,,,奇花异草
,,,,,,奇迹
,,,,,,奇特
,,,,,,歧视
,,,,,,祈祷
,,,,,,棋
,,,,,,棋子
,,,,,,旗袍
,,,,,,旗帜
,,,,,,乞丐
,,,,,,乞求
,,,,,,乞讨
,,,,,,岂有此理
,,,,,,启迪
,,,,,,启蒙
,,,,,,启示
,,,,,,起步
,,,,,,起草
,,,,,,起程
,,,,,,起初
,,,,,,起伏
,,,,,,起劲
,,,,,,起跑线
,,,,,,起源
,,,,,,气愤
,,,,,,气管
,,,,,,气馁
,,,,,,气派
,,,,,,气泡
,,,,,,气魄
,,,,,,气势
,,,,,,气味
,,,,,,气息
,,,,,,气质
,,,,,,迄今
,,,,,,迄今为止
,,,,,,契机
,,,,,,契约
,,,,,,器材
,,,,,,器械
,,,,,,掐
,,,,,,卡
,,,,,,卡子
,,,,,,洽谈
,,,,,,恰到好处
,,,,,,恰恰相反
,,,,,,恰巧
,,,,,,恰如其分
,,,,,,千变万化
,,,,,,千方百计
,,,,,,千家万户
,,,,,,千军万马
,,,,,,千钧一发
,,,,,,迁
,,,,,,迁就
,,,,,,迁移
,,,,,,牵扯
,,,,,,牵挂
,,,,,,牵涉
,,,,,,牵头
,,,,,,牵制
,,,,,,铅
,,,,,,谦逊
,,,,,,签
,,,,,,签署
,,,,,,前辈
,,,,,,前不久
,,,,,,前赴后继
,,,,,,前期
,,,,,,前任
,,,,,,前所未有
,,,,,,前台
,,,,,,前无古人
,,,,,,前夕
,,,,,,前线
,,,,,,前沿
,,,,,,前仰后合
,,,,,,前者
,,,,,,虔诚
,,,,,,钱财
,,,,,,钳子
,,,,,,潜能
,,,,,,潜水
,,,,,,潜艇
,,,,,,潜移默化
,,,,,,潜在
,,,,,,谴责
,,,,,,欠缺
,,,,,,欠条
,,,,,,歉意
,,,,,,呛
,,,,,,枪毙
,,,,,,腔
,,,,,,强加
,,,,,,强劲
,,,,,,强项
,,,,,,强行
,,,,,,强硬
,,,,,,强占
,,,,,,强制
,,,,,,抢夺
,,,,,,抢劫
,,,,,,抢眼
,,,,,,敲边鼓
,,,,,,敲诈
,,,,,,乔装
,,,,,,瞧不起
,,,,,,巧合
,,,,,,窍门
,,,,,,翘
,,,,,,撬
,,,,,,切除
,,,,,,切断
,,,,,,切割
,,,,,,且
,,,,,,且
,,,,,,切身
,,,,,,窃取
,,,,,,钦佩
,,,,,,侵害
,,,,,,侵略
,,,,,,侵权
,,,,,,侵占
,,,,,,亲和力
,,,,,,亲近
,,,,,,亲朋好友
,,,,,,亲戚
,,,,,,亲情
,,,,,,亲热
,,,,,,亲身
,,,,,,亲生
,,,,,,亲手
,,,,,,亲友
,,,,,,勤工俭学
,,,,,,勤快
,,,,,,勤劳
,,,,,,寝室
,,,,,,青春期
,,,,,,青蛙
,,,,,,轻而易举
,,,,,,轻蔑
,,,,,,轻微
,,,,,,轻型
,,,,,,倾家荡产
,,,,,,倾诉
,,,,,,倾听
,,,,,,倾销
,,,,,,倾斜
,,,,,,清除
,,,,,,清脆
,,,,,,清单
,,,,,,清淡
,,,,,,清静
,,,,,,清凉
,,,,,,清明
,,,,,,清晰
,,,,,,清新
,,,,,,清真寺
,,,,,,情
,,,,,,情报
,,,,,,情不自禁
,,,,,,情调
,,,,,,情怀
,,,,,,情结
,,,,,,情侣
,,,,,,情人
,,,,,,情谊
,,,,,,情愿
,,,,,,请柬
,,,,,,请帖
,,,,,,庆典
,,,,,,庆贺
,,,,,,庆幸
,,,,,,丘陵
,,,,,,囚犯
,,,,,,求婚
,,,,,,求救
,,,,,,求学
,,,,,,求医
,,,,,,求证
,,,,,,求助
,,,,,,曲线
,,,,,,曲折
,,,,,,驱动
,,,,,,驱逐
,,,,,,屈服
,,,,,,趋于
,,,,,,曲
,,,,,,取代
,,,,,,取缔
,,,,,,取而代之
,,,,,,取经
,,,,,,取决于
,,,,,,取暖
,,,,,,取胜
,,,,,,取笑
,,,,,,娶
,,,,,,去除
,,,,,,去处
,,,,,,去向
,,,,,,趣味
,,,,,,圈套
,,,,,,圈子
,,,,,,权衡
,,,,,,权威
,,,,,,权益
,,,,,,全长
,,,,,,全程
,,,,,,全方位
,,,,,,全局
,,,,,,全力以赴
,,,,,,全能
,,,,,,全文
,,,,,,全心全意
,,,,,,拳
,,,,,,拳头
,,,,,,劝告
,,,,,,劝说
,,,,,,劝阻
,,,,,,缺口
,,,,,,缺失
,,,,,,缺席
,,,,,,确切
,,,,,,确信
,,,,,,确凿
,,,,,,确诊
,,,,,,燃放
,,,,,,燃气
,,,,,,燃油
,,,,,,嚷
,,,,,,让步
,,,,,,饶
,,,,,,饶恕
,,,,,,扰乱
,,,,,,绕行
,,,,,,惹
,,,,,,热潮
,,,,,,热带
,,,,,,热气
,,,,,,热气球
,,,,,,热腾腾
,,,,,,热衷
,,,,,,人次
,,,,,,人道
,,,,,,人格
,,,,,,人工智能
,,,,,,人均
,,,,,,人品
,,,,,,人气
,,,,,,人情
,,,,,,人身
,,,,,,人事
,,,,,,人手
,,,,,,人体
,,,,,,人为
,,,,,,人文
,,,,,,人行道
,,,,,,人性
,,,,,,人选
,,,,,,人缘儿
,,,,,,人造
,,,,,,人质
,,,,,,仁慈
,,,,,,忍饥挨饿
,,,,,,忍耐
,,,,,,忍心
,,,,,,认错
,,,,,,认证
,,,,,,认知
,,,,,,任命
,,,,,,任期
,,,,,,任人宰割
,,,,,,任意
,,,,,,任职
,,,,,,韧性
,,,,,,日程
,,,,,,日复一日
,,,,,,日后
,,,,,,日前
,,,,,,日趋
,,,,,,日新月异
,,,,,,日益
,,,,,,荣获
,,,,,,荣幸
,,,,,,荣誉
,,,,,,容光焕发
,,,,,,容量
,,,,,,容纳
,,,,,,容忍
,,,,,,容许
,,,,,,容颜
,,,,,,溶解
,,,,,,融
,,,,,,融化
,,,,,,融洽
,,,,,,冗长
,,,,,,柔和
,,,,,,柔软
,,,,,,揉
,,,,,,如果说
,,,,,,如实
,,,,,,如意
,,,,,,如愿以偿
,,,,,,如醉如痴
,,,,,,儒家
,,,,,,儒学
,,,,,,入场
,,,,,,入场券
,,,,,,入境
,,,,,,入侵
,,,,,,人手
,,,,,,入选
,,,,,,软弱
,,,,,,软实力
,,,,,,瑞雪
,,,,,,润
,,,,,,若干
,,,,,,弱点
,,,,,,弱势
,,,,,,撒
,,,,,,撒谎
,,,,,,赛车
,,,,,,赛跑
,,,,,,三番五次
,,,,,,三角
,,,,,,三维
,,,,,,散布
,,,,,,散发
,,,,,,桑拿
,,,,,,嗓子
,,,,,,丧生
,,,,,,骚乱
,,,,,,骚扰
,,,,,,扫除
,,,,,,扫描
,,,,,,扫墓
,,,,,,扫兴
,,,,,,嫂子
,,,,,,僧人
,,,,,,杀害
,,,,,,杀手
,,,,,,沙龙
,,,,,,沙滩
,,,,,,纱
,,,,,,刹车
,,,,,,砂糖
,,,,,,鲨鱼
,,,,,,傻瓜
,,,,,,筛
,,,,,,筛选
,,,,,,晒太阳
,,,,,,山川
,,,,,,山顶
,,,,,,山冈
,,,,,,山岭
,,,,,,山路
,,,,,,山寨
,,,,,,删
,,,,,,删除
,,,,,,煽动
,,,,,,闪烁
,,,,,,善
,,,,,,善意
,,,,,,擅长
,,,,,,擅自
,,,,,,膳食
,,,,,,赡养
,,,,,,伤残
,,,,,,伤感
,,,,,,伤痕
,,,,,,伤脑筋
,,,,,,伤势
,,,,,,商贩
,,,,,,商贾
,,,,,,商讨
,,,,,,上报
,,,,,,上场
,,,,,,上方
,,,,,,上岗
,,,,,,上火
,,,,,,上空
,,,,,,上流
,,,,,,上期
,,,,,,上任
,,,,,,上述
,,,,,,上司
,,,,,,上诉
,,,,,,上调
,,,,,,上头
,,,,,,上限
,,,,,,上旬
,,,,,,上瘾
,,,,,,上映
,,,,,,上游
,,,,,,尚
,,,,,,尚未
,,,,,,捎
,,,,,,烧毁
,,,,,,烧烤
,,,,,,稍后
,,,,,,稍候
,,,,,,稍稍
,,,,,,少不了
,,,,,,少见
,,,,,,少量
,,,,,,少有
,,,,,,少林寺
,,,,,,少女
,,,,,,奢侈
,,,,,,奢望
,,,,,,设
,,,,,,设定
,,,,,,设法
,,,,,,社会主义
,,,,,,社交
,,,,,,社论
,,,,,,社团
,,,,,,涉嫌
,,,,,,摄氏度
,,,,,,谁知道
,,,,,,申办
,,,,,,申报
,,,,,,申领
,,,,,,伸手
,,,,,,伸缩
,,,,,,伸张
,,,,,,身不由己
,,,,,,身价
,,,,,,身躯
,,,,,,身心
,,,,,,身影
,,,,,,身子
,,,,,,绅士
,,,,,,深奥
,,,,,,深切
,,,,,,深情
,,,,,,深入人心
,,,,,,深受
,,,,,,深思
,,,,,,深信
,,,,,,深夜
,,,,,,深远
,,,,,,神气
,,,,,,神圣
,,,,,,神态
,,,,,,神仙
,,,,,,宙
,,,,,,审定
,,,,,,审核
,,,,,,审美
,,,,,,审判
,,,,,,审批
,,,,,,审视
,,,,,,肾
,,,,,,甚至于
,,,,,,渗
,,,,,,渗透
,,,,,,慎重
,,,,,,升温
,,,,,,生机
,,,,,,生理
,,,,,,生命线
,,,,,,生怕
,,,,,,生平
,,,,,,生前
,,,,,,生死
,,,,,,生态
,,,,,,生物
,,,,,,生效
,,,,,,生涯
,,,,,,生硬
,,,,,,生育
,,,,,,声称
,,,,,,声望
,,,,,,声誉
,,,,,,牲畜
,,,,,,绳子
,,,,,,省略
,,,,,,省事
,,,,,,圣贤
,,,,,,胜出
,,,,,,胜任
,,,,,,盛大
,,,,,,盛会
,,,,,,盛开
,,,,,,盛气凌人
,,,,,,剩余
,,,,,,尸体
,,,,,,失传
,,,,,,失控
,,,,,,失利
,,,,,,失恋
,,,,,,失灵
,,,,,,失落
,,,,,,失眠
,,,,,,失明
,,,,,,失效
,,,,,,失业率
,,,,,,失踪
,,,,,,师范
,,,,,,师长
,,,,,,师资
,,,,,,狮子
,,,,,,施工
,,,,,,施加
,,,,,,施行
,,,,,,施压
,,,,,,湿度
,,,,,,湿润
,,,,,,十字路口
,,,,,,时不时
,,,,,,时段
,,,,,,时隔
,,,,,,时好时坏
,,,,,,时间表
,,,,,,时空
,,,,,,时髦
,,,,,,时尚
,,,,,,时速
,,,,,,识别
,,,,,,实地
,,,,,,实话
,,,,,,实话实说
,,,,,,实况
,,,,,,实事求是
,,,,,,实体
,,,,,,实物
,,,,,,实质
,,,,,,食宿
,,,,,,食用
,,,,,,史无前例
,,,,,,使唤
,,,,,,使命
,,,,,,使者
,,,,,,士气
,,,,,,示威
,,,,,,示意
,,,,,,世代
,,,,,,世故
,,,,,,世界级
,,,,,,世袭
,,,,,,市场经济
,,,,,,势必
,,,,,,势不可当
,,,,,,势头
,,,,,,事迹
,,,,,,事态
,,,,,,事务
,,,,,,事务所
,,,,,,事项
,,,,,,事宜
,,,,,,侍候
,,,,,,试探
,,,,,,试行
,,,,,,试用
,,,,,,试用期
,,,,,,视察
,,,,,,视角
,,,,,,视觉
,,,,,,视力
,,,,,,视线
,,,,,,视野
,,,,,,柿子
,,,,,,是非
,,,,,,适度
,,,,,,适量
,,,,,,适时
,,,,,,适宜
,,,,,,逝世
,,,,,,释放
,,,,,,嗜好
,,,,,,收复
,,,,,,收据
,,,,,,收敛
,,,,,,收留
,,,,,,收买
,,,,,,收视率
,,,,,,收缩
,,,,,,收支
,,,,,,手臂
,,,,,,手册
,,,,,,手动
,,,,,,手脚
,,,,,,手帕
,,,,,,手枪
,,,,,,手势
,,,,,,手术室
,,,,,,手头
,,,,,,手腕
,,,,,,手艺
,,,,,,手掌
,,,,,,守候
,,,,,,守护
,,,,,,守株待兔
,,,,,,首创
,,,,,,首府
,,,,,,首批
,,,,,,首饰
,,,,,,首要
,,,,,,寿命
,,,,,,受过
,,,,,,受害
,,,,,,受害人
,,,,,,受贿
,,,,,,受惊
,,,,,,受苦
,,,,,,受理
,,,,,,受骗
,,,,,,受益
,,,,,,授权
,,,,,,授予
,,,,,,售价
,,,,,,售票
,,,,,,书橱
,,,,,,书籍
,,,,,,书记
,,,,,,书面
,,,,,,书写
,,,,,,抒情
,,,,,,枢纽
,,,,,,梳
,,,,,,梳理
,,,,,,梳子
,,,,,,舒畅
,,,,,,疏导
,,,,,,疏忽
,,,,,,疏散
,,,,,,疏通
,,,,,,输家
,,,,,,输送
,,,,,,输血
,,,,,,输液
,,,,,,赎
,,,,,,暑期
,,,,,,属性
,,,,,,曙光
,,,,,,束缚
,,,,,,树立
,,,,,,树木
,,,,,,树梢
,,,,,,树荫
,,,,,,树枝
,,,,,,竖
,,,,,,数额
,,,,,,数据库
,,,,,,刷新
,,,,,,耍
,,,,,,耍赖
,,,,,,衰减
,,,,,,衰竭
,,,,,,衰老
,,,,,,衰弱
,,,,,,衰退
,,,,,,摔跤
,,,,,,甩
,,,,,,率
,,,,,,拴
,,,,,,涮
,,,,,,双胞胎
,,,,,,双边
,,,,,,双重
,,,,,,双向
,,,,,,双赢
,,,,,,霜
,,,,,,爽快
,,,,,,水槽
,,,,,,水稻
,,,,,,水管
,,,,,,水壶
,,,,,,水货
,,,,,,水晶
,,,,,,水利
,,,,,,水灵灵
,,,,,,水龙头
,,,,,,水落石出
,,,,,,水面
,,,,,,水手
,,,,,,水温
,,,,,,水域
,,,,,,水源
,,,,,,水涨船高
,,,,,,水准
,,,,,,税收
,,,,,,税务
,,,,,,睡袋
,,,,,,顺便
,,,,,,顺差
,,,,,,顺畅
,,,,,,顺从
,,,,,,顺理成章
,,,,,,顺路
,,,,,,顺其自然
,,,,,,顺势
,,,,,,顺手
,,,,,,顺心
,,,,,,顺应
,,,,,,顺着
,,,,,,瞬间
,,,,,,说白了
,,,,,,说不上
,,,,,,说到底
,,,,,,说道
,,,,,,说干就干
,,,,,,说谎
,,,,,,说老实话
,,,,,,说起来
,,,,,,说情
,,,,,,说闲话
,,,,,,说真的
,,,,,,硕果
,,,,,,司法
,,,,,,司空见惯
,,,,,,司令
,,,,,,丝
,,,,,,丝绸
,,,,,,丝毫
,,,,,,私房钱
,,,,,,私家车
,,,,,,私立
,,,,,,私事
,,,,,,私下
,,,,,,私营
,,,,,,私有
,,,,,,私自
,,,,,,思路
,,,,,,思念
,,,,,,思前想后
,,,,,,思索
,,,,,,撕
,,,,,,死心
,,,,,,死心塌地
,,,,,,四合院
,,,,,,四季
,,,,,,四面八方
,,,,,,寺庙
,,,,,,似曾相识
,,,,,,似是而非
,,,,,,伺机
,,,,,,饲料
,,,,,,饲养
,,,,,,松绑
,,,,,,松弛
,,,,,,耸立
,,,,,,送别
,,,,,,搜查
,,,,,,搜集
,,,,,,搜救
,,,,,,搜寻
,,,,,,艘
,,,,,,苏醒
,,,,,,酥
,,,,,,俗
,,,,,,俗话
,,,,,,俗话说
,,,,,,俗语
,,,,,,诉苦
,,,,,,诉说
,,,,,,诉讼
,,,,,,素
,,,,,,素不相识
,,,,,,素材
,,,,,,素描
,,,,,,素食
,,,,,,素养
,,,,,,塑造
,,,,,,蒜
,,,,,,算计
,,,,,,算盘
,,,,,,算账
,,,,,,虽说
,,,,,,随处可见
,,,,,,随大溜
,,,,,,随机
,,,,,,随即
,,,,,,随身
,,,,,,随时随地
,,,,,,随心所欲
,,,,,,遂心
,,,,,,隧道
,,,,,,损
,,,,,,损坏
,,,,,,损人利己
,,,,,,损伤
,,,,,,缩
,,,,,,缩水
,,,,,,缩影
,,,,,,所属
,,,,,,所谓
,,,,,,所作所为
,,,,,,索赔
,,,,,,索取
,,,,,,索性
,,,,,,锁定
,,,,,,他人
,,,,,,塌
,,,,,,踏上
,,,,,,胎
,,,,,,胎儿
,,,,,,台球
,,,,,,太极
,,,,,,太极拳
,,,,,,太平
,,,,,,泰斗
,,,,,,贪
,,,,,,贪婪
,,,,,,贪玩儿
,,,,,,贪污
,,,,,,摊
,,,,,,瘫
,,,,,,瘫痪
,,,,,,坛
,,,,,,谈不上
,,,,,,谈到
,,,,,,谈论
,,,,,,谈起
,,,,,,弹性
,,,,,,痰
,,,,,,坦白
,,,,,,坦诚
,,,,,,坦克
,,,,,,坦然
,,,,,,坦率
,,,,,,毯子
,,,,,,炭
,,,,,,探
,,,,,,探测
,,,,,,探亲
,,,,,,探求
,,,,,,探望
,,,,,,探险
,,,,,,碳
,,,,,,汤圆
,,,,,,堂
,,,,,,糖果
,,,,,,糖尿病
,,,,,,倘若
,,,,,,淌
,,,,,,烫
,,,,,,掏钱
,,,,,,滔滔不绝
,,,,,,逃避
,,,,,,逃生
,,,,,,逃亡
,,,,,,陶瓷
,,,,,,陶冶
,,,,,,陶醉
,,,,,,淘
,,,,,,淘气
,,,,,,淘汰
,,,,,,讨
,,,,,,讨好
,,,,,,讨价还价
,,,,,,讨人喜欢
,,,,,,特产
,,,,,,特长
,,,,,,特例
,,,,,,特权
,,,,,,特邀
,,,,,,特制
,,,,,,特质
,,,,,,腾
,,,,,,藤椅
,,,,,,剔除
,,,,,,梯子
,,,,,,提拔
,,,,,,提炼
,,,,,,提名
,,,,,,提速
,,,,,,提心吊胆
,,,,,,提议
,,,,,,提早
,,,,,,体谅
,,,,,,体面
,,,,,,体能
,,,,,,体贴
,,,,,,体温
,,,,,,体系
,,,,,,体制
,,,,,,体质
,,,,,,剃
,,,,,,替换
,,,,,,替身
,,,,,,天长地久
,,,,,,天地
,,,,,,天鹅
,,,,,,天分
,,,,,,天赋
,,,,,,天经地义
,,,,,,天平
,,,,,,天桥
,,,,,,天生
,,,,,,天使
,,,,,,天线
,,,,,,天性
,,,,,,天主教
,,,,,,添加
,,,,,,甜美
,,,,,,甜蜜
,,,,,,甜头
,,,,,,填补
,,,,,,填充
,,,,,,填写
,,,,,,舔
,,,,,,挑剔
,,,,,,条款
,,,,,,条例
,,,,,,条约
,,,,,,调侃
,,,,,,调控
,,,,,,调料
,,,,,,调试
,,,,,,挑起
,,,,,,挑衅
,,,,,,跳槽
,,,,,,跳动
,,,,,,跳伞
,,,,,,跳跃
,,,,,,贴近
,,,,,,贴切
,,,,,,帖子
,,,,,,听从
,,,,,,听话
,,,,,,停泊
,,,,,,停车位
,,,,,,停电
,,,,,,停顿
,,,,,,停放
,,,,,,停业
,,,,,,通畅
,,,,,,通车
,,,,,,通风
,,,,,,通告
,,,,,,通缉
,,,,,,通顺
,,,,,,通俗
,,,,,,通通
,,,,,,通往
,,,,,,通宵
,,,,,,通行证
,,,,,,同伴
,,,,,,同步
,,,,,,同等
,,,,,,同感
,,,,,,同伙
,,,,,,同类
,,,,,,同盟
,,,,,,同年
,,,,,,同人
,,,,,,同志
,,,,,,同舟共济
,,,,,,铜
,,,,,,统筹
,,,,,,统统
,,,,,,统治
,,,,,,捅
,,,,,,桶
,,,,,,筒
,,,,,,痛
,,,,,,痛心
,,,,,,偷看
,,,,,,偷窥
,,,,,,偷懒
,,,,,,头部
,,,,,,头顶
,,,,,,头号
,,,,,,头条
,,,,,,头头是道
,,,,,,头衔
,,,,,,头晕
,,,,,,投奔
,,,,,,投稿
,,,,,,投机
,,,,,,投射
,,,,,,投身
,,,,,,投降
,,,,,,透彻
,,,,,,透过
,,,,,,透气
,,,,,,透支
,,,,,,凸
,,,,,,凸显
,,,,,,秃
,,,,,,突发
,,,,,,突击
,,,,,,突破口
,,,,,,突如其来
,,,,,,图表
,,,,,,图像
,,,,,,图形
,,,,,,图纸
,,,,,,徒步
,,,,,,涂
,,,,,,屠杀
,,,,,,土匪
,,,,,,土壤
,,,,,,土生土长
,,,,,,团伙
,,,,,,团聚
,,,,,,团员
,,,,,,团圆
,,,,,,推测
,,,,,,推辞
,,,,,,推断
,,,,,,推翻
,,,,,,推荐
,,,,,,推理
,,,,,,推敲
,,,,,,推算
,,,,,,推卸
,,,,,,推选
,,,,,,推移
,,,,,,颓废
,,,,,,退回
,,,,,,退却
,,,,,,退让
,,,,,,退缩
,,,,,,退休金
,,,,,,退学
,,,,,,退役
,,,,,,屯
,,,,,,托付
,,,,,,拖累
,,,,,,拖欠
,,,,,,拖延
,,,,,,脱节
,,,,,,脱口而出
,,,,,,脱落
,,,,,,脱身
,,,,,,脱颖而出
,,,,,,驮
,,,,,,妥
,,,,,,妥当
,,,,,,妥善
,,,,,,妥协
,,,,,,拓宽
,,,,,,拓展
,,,,,,唾液
,,,,,,挖掘
,,,,,,挖苦
,,,,,,瓦
,,,,,,歪
,,,,,,歪曲
,,,,,,外表
,,,,,,外公
,,,,,,外行
,,,,,,外号
,,,,,,外籍
,,,,,,外贸
,,,,,,外貌
,,,,,,外婆
,,,,,,外企
,,,,,,外星人
,,,,,,外形
,,,,,,外援
,,,,,,丸
,,,,,,完备
,,,,,,完毕
,,,,,,完蛋
,,,,,,完好
,,,,,,玩耍
,,,,,,玩意儿
,,,,,,顽固
,,,,,,挽
,,,,,,挽回
,,,,,,挽救
,,,,,,晚间
,,,,,,晚年
,,,,,,晚期
,,,,,,惋惜
,,,,,,万分
,,,,,,万古长青
,,,,,,万能
,,,,,,万万
,,,,,,万无一失
,,,,,,汪洋
,,,,,,亡羊补牢
,,,,,,王国
,,,,,,王牌
,,,,,,网点
,,,,,,网民
,,,,,,往常
,,,,,,往返
,,,,,,往日
,,,,,,往事
,,,,,,妄想
,,,,,,忘不了
,,,,,,忘掉
,,,,,,旺
,,,,,,旺季
,,,,,,旺盛
,,,,,,望
,,,,,,望远镜
,,,,,,危及
,,,,,,危急
,,,,,,威风
,,,,,,威力
,,,,,,威慑
,,,,,,威信
,,,,,,微不足道
,,,,,,微观
,,,,,,微妙
,,,,,,微弱
,,,,,,微型
,,,,,,为人
,,,,,,违背
,,,,,,违约
,,,,,,违章
,,,,,,围墙
,,,,,,唯
,,,,,,唯独
,,,,,,伪造
,,,,,,伪装
,,,,,,尾气
,,,,,,尾声
,,,,,,纬度
,,,,,,委屈
,,,,,,委婉
,,,,,,委员
,,,,,,委员会
,,,,,,萎缩
,,,,,,卫视
,,,,,,未
,,,,,,未成年人
,,,,,,未经
,,,,,,未免
,,,,,,未知数
,,,,,,位子
,,,,,,味精
,,,,,,畏惧
,,,,,,畏缩
,,,,,,胃口
,,,,,,喂养
,,,,,,慰劳
,,,,,,温度计
,,,,,,温泉
,,,,,,温柔
,,,,,,温室
,,,,,,温习
,,,,,,温馨
,,,,,,瘟疫
,,,,,,文
,,,,,,文具
,,,,,,文科
,,,,,,文盲
,,,,,,文凭
,,,,,,文人
,,,,,,文物
,,,,,,文献
,,,,,,文雅
,,,,,,闻名
,,,,,,蚊帐
,,,,,,蚊子
,,,,,,吻
,,,,,,吻合
,,,,,,紊乱
,,,,,,稳固
,,,,,,稳健
,,,,,,稳妥
,,,,,,稳重
,,,,,,问卷
,,,,,,问世
,,,,,,窝
,,,,,,卧
,,,,,,污秽
,,,,,,巫婆
,,,,,,呜咽
,,,,,,屋顶
,,,,,,无比
,,,,,,无不
,,,,,,无偿
,,,,,,无敌
,,,,,,无恶不作
,,,,,,无非
,,,,,,无辜
,,,,,,无故
,,,,,,无关紧要
,,,,,,无话可说
,,,,,,无济于事
,,,,,,无家可归
,,,,,,无精打采
,,,,,,无可奉告
,,,,,,无可厚非
,,,,,,无可奈何
,,,,,,无理
,,,,,,无力
,,,,,,无论如何
,,,,,,无能
,,,,,,无能为力
,,,,,,无情
,,,,,,无情无义
,,,,,,无穷
,,,,,,无私
,,,,,,无所事事
,,,,,,无所作为
,,,,,,无条件
,,,,,,无微不至
,,,,,,无线
,,,,,,无线电
,,,,,,无形
,,,,,,无形中
,,,,,,无须
,,,,,,无意
,,,,,,无忧无虑
,,,,,,无缘
,,,,,,无知
,,,,,,无足轻重
,,,,,,五花八门
,,,,,,五星级
,,,,,,武力
,,,,,,武装
,,,,,,侮辱
,,,,,,捂
,,,,,,舞厅
,,,,,,勿
,,,,,,务必
,,,,,,务实
,,,,,,物流
,,,,,,物体
,,,,,,物证
,,,,,,物资
,,,,,,误差
,,,,,,误导
,,,,,,误区
,,,,,,雾
,,,,,,吸纳
,,,,,,吸取
,,,,,,昔日
,,,,,,息息相关
,,,,,,稀
,,,,,,稀罕
,,,,,,稀奇
,,,,,,稀少
,,,,,,锡
,,,,,,熙熙攘攘
,,,,,,熄火
,,,,,,膝盖
,,,,,,嬉笑
,,,,,,习俗
,,,,,,席
,,,,,,席位
,,,,,,袭击
,,,,,,媳妇
,,,,,,洗涤剂
,,,,,,洗礼
,,,,,,喜出望外
,,,,,,喜好
,,,,,,喜酒
,,,,,,喜怒哀乐
,,,,,,喜庆
,,,,,,喜事
,,,,,,喜糖
,,,,,,喜洋洋
,,,,,,喜悦
,,,,,,细腻
,,,,,,细微
,,,,,,细心
,,,,,,虾
,,,,,,瞎
,,,,,,侠义
,,,,,,峡谷
,,,,,,狭隘
,,,,,,狭小
,,,,,,狭窄
,,,,,,下场
,,,,,,下跌
,,,,,,下岗
,,,,,,下功夫
,,,,,,下海
,,,,,,下级
,,,,,,下决心
,,,,,,下令
,,,,,,下落
,,,,,,下期
,,,,,,下棋
,,,,,,下山
,,,,,,下手
,,,,,,下属
,,,,,,下台
,,,,,,下调
,,,,,,下乡
,,,,,,下旬
,,,,,,下一代
,,,,,,下意识
,,,,,,下游
,,,,,,下坠
,,,,,,吓唬
,,,,,,吓人
,,,,,,夏令营
,,,,,,仙鹤
,,,,,,仙女
,,,,,,先例
,,,,,,先天
,,,,,,纤维
,,,,,,掀
,,,,,,掀起
,,,,,,鲜活
,,,,,,鲜美
,,,,,,鲜血
,,,,,,弦
,,,,,,衔接
,,,,,,嫌弃
,,,,,,嫌疑
,,,,,,显而易见
,,,,,,显赫
,,,,,,显示器
,,,,,,显现
,,,,,,显眼
,,,,,,现成
,,,,,,现任
,,,,,,现行
,,,,,,限
,,,,,,限定
,,,,,,限度
,,,,,,限于
,,,,,,线条
,,,,,,宪法
,,,,,,陷
,,,,,,陷阱
,,,,,,馅儿
,,,,,,羡慕
,,,,,,献血
,,,,,,腺
,,,,,,乡亲
,,,,,,乡下
,,,,,,相伴
,,,,,,相比之下
,,,,,,相差
,,,,,,相传
,,,,,,相当于
,,,,,,相对
,,,,,,相对而言
,,,,,,相辅相成
,,,,,,相继
,,,,,,相连
,,,,,,相识
,,,,,,相提并论
,,,,,,相通
,,,,,,相依为命
,,,,,,相遇
,,,,,,相约
,,,,,,香料
,,,,,,香水
,,,,,,香味
,,,,,,香烟
,,,,,,香油
,,,,,,镶
,,,,,,镶嵌
,,,,,,详尽
,,,,,,祥和
,,,,,,享
,,,,,,享有
,,,,,,响亮
,,,,,,响起
,,,,,,响应
,,,,,,想方设法
,,,,,,向来
,,,,,,向往
,,,,,,向着
,,,,,,项链
,,,,,,像
,,,,,,像样
,,,,,,橡胶
,,,,,,橡皮
,,,,,,削
,,,,,,消
,,,,,,消沉
,,,,,,消遣
,,,,,,萧条
,,,,,,销
,,,,,,销毁
,,,,,,销量
,,,,,,潇洒
,,,,,,小丑
,,,,,,小贩
,,,,,,小看
,,,,,,小康
,,,,,,小路
,,,,,,小品
,,,,,,小气
,,,,,,小区
,,,,,,小曲
,,,,,,小人
,,,,,,小提琴
,,,,,,小溪
,,,,,,小心翼翼
,,,,,,小卒
,,,,,,孝敬
,,,,,,孝顺
,,,,,,肖像
,,,,,,效仿
,,,,,,效力
,,,,,,效益
,,,,,,效应
,,,,,,协定
,,,,,,协同
,,,,,,协作
,,,,,,邪
,,,,,,邪恶
,,,,,,挟持
,,,,,,携带
,,,,,,携手
,,,,,,写照
,,,,,,泄
,,,,,,泄漏
,,,,,,泄露
,,,,,,泄密
,,,,,,泄气
,,,,,,泻
,,,,,,卸
,,,,,,心爱
,,,,,,心安理得
,,,,,,心病
,,,,,,心肠
,,,,,,心得
,,,,,,心慌
,,,,,,心急如焚
,,,,,,心里话
,,,,,,心灵手巧
,,,,,,心目
,,,,,,心声
,,,,,,心事
,,,,,,心思
,,,,,,心酸
,,,,,,心想事成
,,,,,,心胸
,,,,,,心血
,,,,,,心眼儿
,,,,,,心意
,,,,,,芯片
,,,,,,辛勤
,,,,,,辛酸
,,,,,,欣慰
,,,,,,欣喜
,,,,,,欣欣向荣
,,,,,,新潮
,,,,,,新陈代谢
,,,,,,新房
,,,,,,新款
,,,,,,新奇
,,,,,,新生
,,,,,,新式
,,,,,,新手
,,,,,,新颖
,,,,,,信贷
,,,,,,信件
,,,,,,信赖
,,,,,,信誉
,,,,,,兴奋剂
,,,,,,兴建
,,,,,,兴起
,,,,,,星座
,,,,,,猩猩
,,,,,,腥
,,,,,,刑法
,,,,,,行使
,,,,,,行政
,,,,,,行走
,,,,,,形形色色
,,,,,,形影不离
,,,,,,醒来
,,,,,,醒目
,,,,,,醒悟
,,,,,,兴高采烈
,,,,,,兴致
,,,,,,幸存
,,,,,,幸好
,,,,,,幸亏
,,,,,,幸免
,,,,,,性价比
,,,,,,性命
,,,,,,性情
,,,,,,姓氏
,,,,,,凶残
,,,,,,凶恶
,,,,,,凶狠
,,,,,,凶猛
,,,,,,汹涌
,,,,,,胸膛
,,,,,,胸有成竹
,,,,,,雄厚
,,,,,,休克
,,,,,,休眠
,,,,,,休想
,,,,,,休养
,,,,,,修补
,,,,,,修长
,,,,,,修订
,,,,,,修路
,,,,,,修正
,,,,,,羞愧
,,,,,,秀丽
,,,,,,秀美
,,,,,,袖手旁观
,,,,,,绣
,,,,,,锈
,,,,,,嗅觉
,,,,,,须
,,,,,,虚
,,,,,,虚构
,,,,,,虚幻
,,,,,,虚假
,,,,,,虚拟
,,,,,,虚弱
,,,,,,虚伪
,,,,,,需
,,,,,,徐徐
,,,,,,许
,,,,,,许可证
,,,,,,旭日
,,,,,,序
,,,,,,序幕
,,,,,,叙述
,,,,,,酗酒
,,,,,,续
,,,,,,絮叨
,,,,,,宣称
,,,,,,宣读
,,,,,,宣告
,,,,,,宣誓
,,,,,,宣泄
,,,,,,宣言
,,,,,,宣扬
,,,,,,喧哗
,,,,,,喧闹
,,,,,,玄
,,,,,,玄机
,,,,,,悬挂
,,,,,,悬念
,,,,,,悬殊
,,,,,,悬崖
,,,,,,旋律
,,,,,,旋涡
,,,,,,选民
,,,,,,选项
,,,,,,选用
,,,,,,炫耀
,,,,,,削弱
,,,,,,靴子
,,,,,,穴位
,,,,,,学历
,,,,,,学士
,,,,,,学说
,,,,,,学堂
,,,,,,学业
,,,,,,学艺
,,,,,,学子
,,,,,,雪山
,,,,,,雪上加霜
,,,,,,血脉
,,,,,,血栓
,,,,,,血压
,,,,,,血缘
,,,,,,勋章
,,,,,,熏
,,,,,,熏陶
,,,,,,寻
,,,,,,寻常
,,,,,,寻觅
,,,,,,巡逻
,,,,,,循序渐进
,,,,,,训
,,,,,,驯
,,,,,,逊色
,,,,,,丫头
,,,,,,压倒
,,,,,,压缩
,,,,,,压抑
,,,,,,压制
,,,,,,押
,,,,,,鸦雀无声
,,,,,,牙齿
,,,,,,牙膏
,,,,,,芽
,,,,,,哑
,,,,,,咽喉
,,,,,,烟囱
,,,,,,烟火
,,,,,,淹
,,,,,,延
,,,,,,延缓
,,,,,,延误
,,,,,,严谨
,,,,,,严禁
,,,,,,严峻
,,,,,,严密
,,,,,,言辞
,,,,,,言论
,,,,,,言行
,,,,,,岩石
,,,,,,炎热
,,,,,,炎症
,,,,,,沿岸
,,,,,,沿途
,,,,,,沿线
,,,,,,研讨
,,,,,,阎王
,,,,,,衍生
,,,,,,掩盖
,,,,,,掩护
,,,,,,掩饰
,,,,,,眼红
,,,,,,眼界
,,,,,,眼色
,,,,,,眼神
,,,,,,眼下
,,,,,,演变
,,,,,,演播室
,,,,,,演技
,,,,,,演练
,,,,,,演示
,,,,,,演说
,,,,,,演习
,,,,,,演戏
,,,,,,演艺圈
,,,,,,演绎
,,,,,,厌烦
,,,,,,厌倦
,,,,,,咽
,,,,,,艳丽
,,,,,,验
,,,,,,验收
,,,,,,验证
,,,,,,焰火
,,,,,,燕子
,,,,,,秧歌
,,,,,,扬
,,,,,,阳性
,,,,,,杨树
,,,,,,洋溢
,,,,,,养活
,,,,,,养老金
,,,,,,养老院
,,,,,,养生
,,,,,,养殖
,,,,,,氧
,,,,,,痒
,,,,,,样本
,,,,,,样品
,,,,,,妖怪
,,,,,,邀
,,,,,,窑
,,,,,,谣言
,,,,,,摇摆
,,,,,,摇滚
,,,,,,摇晃
,,,,,,摇篮
,,,,,,摇摇欲坠
,,,,,,遥控
,,,,,,遥远
,,,,,,药材
,,,,,,药方
,,,,,,要不
,,,,,,要不是
,,,,,,要点
,,,,,,要害
,,,,,,要紧
,,,,,,要领
,,,,,,要命
,,,,,,要强
,,,,,,钥匙
,,,,,,耀眼
,,,,,,椰子
,,,,,,也就是说
,,,,,,野餐
,,,,,,野炊
,,,,,,野蛮
,,,,,,野兽
,,,,,,野外
,,,,,,野心
,,,,,,野营
,,,,,,业
,,,,,,业绩
,,,,,,夜班
,,,,,,夜市
,,,,,,夜晚
,,,,,,夜校
,,,,,,夜以继日
,,,,,,夜总会
,,,,,,液晶
,,,,,,液体
,,,,,,一把手
,,,,,,一线
,,,,,,一一
,,,,,,伊斯兰教
,,,,,,衣食住行
,,,,,,医务
,,,,,,依
,,,,,,依托
,,,,,,依依不舍
,,,,,,一不小心
,,,,,,一刹那
,,,,,,一大早
,,,,,,一动不动
,,,,,,一度
,,,,,,一概
,,,,,,一概而论
,,,,,,一个劲儿
,,,,,,一晃
,,,,,,一技之长
,,,,,,一面
,,,,,,一目了然
,,,,,,一事无成
,,,,,,一瞬间
,,,,,,一味
,,,,,,一系列
,,,,,,一阵
,,,,,,仪表
,,,,,,恰然自得
,,,,,,姨
,,,,,,移交
,,,,,,移植
,,,,,,遗留
,,,,,,遗弃
,,,,,,遗体
,,,,,,遗忘
,,,,,,遗物
,,,,,,遗愿
,,,,,,遗址
,,,,,,遗嘱
,,,,,,疑点
,,,,,,疑惑
,,,,,,疑虑
,,,,,,以
,,,,,,以免
,,,,,,以身作则
,,,,,,以至于
,,,,,,以致
,,,,,,矣
,,,,,,倚
,,,,,,一长一短
,,,,,,一成不变
,,,,,,一筹莫展
,,,,,,一帆风顺
,,,,,,一干二净
,,,,,,一鼓作气
,,,,,,一锅粥
,,,,,,一回事
,,,,,,一家人
,,,,,,一经
,,,,,,一举
,,,,,,一举一动
,,,,,,一卡通
,,,,,,一揽子
,,,,,,一连
,,,,,,一连串
,,,,,,一毛不拔
,,,,,,一年到头
,,,,,,一旁
,,,,,,一如既往
,,,,,,一声不吭
,,,,,,一手
,,,,,,一塌糊涂
,,,,,,一体
,,,,,,一天到晚
,,,,,,一头
,,,,,,一无所有
,,,,,,一无所知
,,,,,,一心
,,,,,,一心一意
,,,,,,一言不发
,,,,,,一言一行
,,,,,,一眼
,,,,,,一应俱全
,,,,,,一早
,,,,,,义工
,,,,,,议
,,,,,,议程
,,,,,,议会
,,,,,,议员
,,,,,,屹立
,,,,,,亦
,,,,,,异口同声
,,,,,,异想天开
,,,,,,异性
,,,,,,异议
,,,,,,抑扬顿挫
,,,,,,抑郁
,,,,,,抑郁症
,,,,,,抑制
,,,,,,译
,,,,,,易拉罐
,,,,,,疫苗
,,,,,,益处
,,,,,,意料
,,,,,,意料之外
,,,,,,意图
,,,,,,意向
,,,,,,溢
,,,,,,毅力
,,,,,,毅然
,,,,,,因人而异
,,,,,,阴暗
,,,,,,阴性
,,,,,,音响
,,,,,,殷勤
,,,,,,银幕
,,,,,,引发
,,,,,,引经据典
,,,,,,引领
,,,,,,引擎
,,,,,,引人人胜
,,,,,,引人注目
,,,,,,引入
,,,,,,引用
,,,,,,引诱
,,,,,,饮水
,,,,,,饮用水
,,,,,,隐蔽
,,,,,,隐患
,,,,,,隐瞒
,,,,,,隐情
,,,,,,隐身
,,,,,,隐形
,,,,,,隐性
,,,,,,隐约
,,,,,,瘾
,,,,,,印刷术
,,,,,,印章
,,,,,,印证
,,,,,,应有尽有
,,,,,,英镑
,,,,,,英俊
,,,,,,婴儿
,,,,,,鹰
,,,,,,迎
,,,,,,迎合
,,,,,,荧光
,,,,,,盈利
,,,,,,营救
,,,,,,营造
,,,,,,赢家
,,,,,,影像
,,,,,,应酬
,,,,,,应付
,,,,,,应聘
,,,,,,应邀
,,,,,,映
,,,,,,硬币
,,,,,,硬朗
,,,,,,硬盘
,,,,,,拥护
,,,,,,拥挤
,,,,,,庸俗
,,,,,,永不
,,,,,,永恒
,,,,,,永久
,,,,,,勇往直前
,,,,,,勇于
,,,,,,涌
,,,,,,涌入
,,,,,,涌现
,,,,,,踊跃
,,,,,,用餐
,,,,,,用功
,,,,,,用力
,,,,,,用人
,,,,,,用意
,,,,,,优
,,,,,,优化
,,,,,,优雅
,,,,,,优异
,,,,,,优越
,,,,,,忧愁
,,,,,,忧虑
,,,,,,忧郁
,,,,,,悠久
,,,,,,悠闲
,,,,,,尤为
,,,,,,由此看来
,,,,,,由此可见
,,,,,,由来
,,,,,,由衷
,,,,,,邮编
,,,,,,邮政
,,,,,,犹如
,,,,,,犹豫不决
,,,,,,油画
,,,,,,游船
,,,,,,游览
,,,,,,友情
,,,,,,友人
,,,,,,友善
,,,,,,有待
,,,,,,有的放矢
,,,,,,有机
,,,,,,有口无心
,,,,,,有两下子
,,,,,,有声有色
,,,,,,有所
,,,,,,有所不同
,,,,,,有望
,,,,,,有效期
,,,,,,有幸
,,,,,,有序
,,,,,,有益
,,,,,,有意
,,,,,,有朝一日
,,,,,,有助于
,,,,,,幼稚
,,,,,,诱饵
,,,,,,诱发
,,,,,,诱惑
,,,,,,诱人
,,,,,,余
,,,,,,余地
,,,,,,余额
,,,,,,渔船
,,,,,,渔民
,,,,,,逾期
,,,,,,愚蠢
,,,,,,愚公移山
,,,,,,舆论
,,,,,,与此同时
,,,,,,与否
,,,,,,与其
,,,,,,与日俱增
,,,,,,与时俱进
,,,,,,与众不同
,,,,,,予以
,,,,,,宇宙
,,,,,,语气
,,,,,,浴室
,,,,,,预定
,,,,,,预感
,,,,,,预告
,,,,,,预见
,,,,,,预料
,,,,,,预赛
,,,,,,预示
,,,,,,预售
,,,,,,预算
,,,,,,预先
,,,,,,预言
,,,,,,预兆
,,,,,,欲望
,,,,,,遇难
,,,,,,遇上
,,,,,,遇险
,,,,,,寓言
,,,,,,寓意
,,,,,,愈合
,,,,,,愈来愈
,,,,,,愈演愈烈
,,,,,,冤
,,,,,,冤枉
,,,,,,渊源
,,,,,,元老
,,,,,,元首
,,,,,,元宵节
,,,,,,原本
,,,,,,原材料
,,,,,,原创
,,,,,,原地
,,,,,,原型
,,,,,,原汁原味
,,,,,,原装
,,,,,,圆形
,,,,,,缘分
,,,,,,源泉
,,,,,,源头
,,,,,,源于
,,,,,,源源不断
,,,,,,远程
,,,,,,远见
,,,,,,远近闻名
,,,,,,怨恨
,,,,,,怨气
,,,,,,怨言
,,,,,,院士
,,,,,,曰
,,,,,,约定俗成
,,,,,,月初
,,,,,,月票
,,,,,,乐器
,,,,,,岳父
,,,,,,岳母
,,,,,,阅历
,,,,,,悦耳
,,,,,,越发
,,,,,,越过
,,,,,,晕倒
,,,,,,陨石
,,,,,,孕妇
,,,,,,孕育
,,,,,,运河
,,,,,,运送
,,,,,,运营
,,,,,,运转
,,,,,,酝酿
,,,,,,韵味
,,,,,,蕴藏
,,,,,,蕴涵
,,,,,,杂技
,,,,,,杂交
,,,,,,杂乱无章
,,,,,,砸
,,,,,,栽
,,,,,,栽培
,,,,,,宰
,,,,,,再度
,,,,,,再现
,,,,,,在线
,,,,,,在意
,,,,,,在职
,,,,,,载体
,,,,,,攒
,,,,,,暂
,,,,,,赞不绝口
,,,,,,赞美
,,,,,,赞叹
,,,,,,赞叹不已
,,,,,,赞同
,,,,,,赞许
,,,,,,赞扬
,,,,,,葬
,,,,,,葬礼
,,,,,,遭殃
,,,,,,凿
,,,,,,早年
,,,,,,早日
,,,,,,枣
,,,,,,造福
,,,,,,造假
,,,,,,造价
,,,,,,造就
,,,,,,造纸术
,,,,,,噪声
,,,,,,噪音
,,,,,,则
,,,,,,则
,,,,,,责备
,,,,,,责怪
,,,,,,贼
,,,,,,增收
,,,,,,增添
,,,,,,扎根
,,,,,,渣子
,,,,,,闸
,,,,,,炸
,,,,,,眨眼
,,,,,,诈骗
,,,,,,榨
,,,,,,窄
,,,,,,债务
,,,,,,占卜
,,,,,,沾
,,,,,,沾光
,,,,,,粘
,,,,,,瞻仰
,,,,,,斩
,,,,,,斩草除根
,,,,,,盏
,,,,,,展出
,,,,,,展览会
,,,,,,展望
,,,,,,崭新
,,,,,,占用
,,,,,,站立
,,,,,,绽放
,,,,,,蘸
,,,,,,张灯结彩
,,,,,,张贴
,,,,,,张扬
,,,,,,长辈
,,,,,,长相
,,,,,,掌管
,,,,,,帐篷
,,,,,,帐子
,,,,,,账单
,,,,,,账号
,,,,,,胀
,,,,,,招标
,,,,,,招待
,,,,,,招待会
,,,,,,招揽
,,,,,,招募
,,,,,,招牌
,,,,,,招收
,,,,,,招数
,,,,,,朝气蓬勃
,,,,,,朝三暮四
,,,,,,朝夕相处
,,,,,,着迷
,,,,,,沼泽
,,,,,,召集
,,,,,,兆头
,,,,,,照办
,,,,,,照常
,,,,,,照例
,,,,,,照料
,,,,,,照明
,,,,,,罩
,,,,,,肇事
,,,,,,折腾
,,,,,,遮
,,,,,,遮盖
,,,,,,折叠
,,,,,,折合
,,,,,,折扣
,,,,,,折磨
,,,,,,折射
,,,,,,这会儿
,,,,,,这样一来
,,,,,,针锋相对
,,,,,,针灸
,,,,,,侦察
,,,,,,珍藏
,,,,,,珍视
,,,,,,珍重
,,,,,,真假
,,,,,,真空
,,,,,,真情
,,,,,,真是的
,,,,,,真心
,,,,,,真挚
,,,,,,诊所
,,,,,,枕头
,,,,,,阵容
,,,,,,阵营
,,,,,,振奋
,,,,,,振兴
,,,,,,振作
,,,,,,震
,,,,,,震动
,,,,,,震撼
,,,,,,镇定
,,,,,,争吵
,,,,,,争端
,,,,,,争分夺秒
,,,,,,争光
,,,,,,争气
,,,,,,争先恐后
,,,,,,争执
,,,,,,征
,,,,,,征集
,,,,,,征收
,,,,,,挣扎
,,,,,,症结
,,,,,,睁
,,,,,,蒸
,,,,,,拯救
,,,,,,整合
,,,,,,整洁
,,,,,,整数
,,,,,,正面
,,,,,,正能量
,,,,,,正视
,,,,,,正直
,,,,,,正宗
,,,,,,证人
,,,,,,郑重
,,,,,,之
,,,,,,之
,,,,,,之所以
,,,,,,支票
,,,,,,支柱
,,,,,,汁
,,,,,,芝麻
,,,,,,芝士
,,,,,,知己
,,,,,,知觉
,,,,,,知识分子
,,,,,,知足
,,,,,,肢体
,,,,,,脂肪
,,,,,,执法
,,,,,,执意
,,,,,,执照
,,,,,,执着
,,,,,,直奔
,,,,,,直达
,,,,,,直观
,,,,,,直径
,,,,,,直觉
,,,,,,直视
,,,,,,直至
,,,,,,值钱
,,,,,,职权
,,,,,,职业病
,,,,,,职员
,,,,,,止步
,,,,,,止咳
,,,,,,止血
,,,,,,旨在
,,,,,,指点
,,,,,,指教
,,,,,,指令
,,,,,,指南
,,,,,,指南针
,,,,,,指手画脚
,,,,,,指望
,,,,,,指向
,,,,,,指引
,,,,,,至此
,,,,,,至关重要
,,,,,,志气
,,,,,,制
,,,,,,制裁
,,,,,,制服
,,,,,,制品
,,,,,,制止
,,,,,,质地
,,,,,,质朴
,,,,,,质问
,,,,,,质疑
,,,,,,治学
,,,,,,治愈
,,,,,,致
,,,,,,致辞
,,,,,,致富
,,,,,,致敬
,,,,,,致力于
,,,,,,致命
,,,,,,致使
,,,,,,秩序
,,,,,,窒息
,,,,,,智商
,,,,,,滞后
,,,,,,滞留
,,,,,,置
,,,,,,中国画
,,,,,,中立
,,,,,,中途
,,,,,,中型
,,,,,,中性
,,,,,,中旬
,,,,,,中庸
,,,,,,中止
,,,,,,忠诚
,,,,,,忠实
,,,,,,忠于
,,,,,,忠贞
,,,,,,终结
,,,,,,终究
,,,,,,终生
,,,,,,衷心
,,,,,,肿瘤
,,,,,,种族
,,,,,,仲裁
,,,,,,众人
,,,,,,众所周知
,,,,,,众志成城
,,,,,,重创
,,,,,,重量级
,,,,,,重任
,,,,,,重伤
,,,,,,重心
,,,,,,重型
,,,,,,重中之重
,,,,,,周边
,,,,,,周到
,,,,,,周密
,,,,,,周旋
,,,,,,昼夜
,,,,,,皱
,,,,,,骤然
,,,,,,朱红
,,,,,,株
,,,,,,诸多
,,,,,,诸如此类
,,,,,,竹竿
,,,,,,逐年
,,,,,,主
,,,,,,主编
,,,,,,主妇
,,,,,,主力
,,,,,,主权
,,,,,,主人公
,,,,,,主食
,,,,,,主题歌
,,,,,,主演
,,,,,,主页
,,,,,,主义
,,,,,,主宰
,,,,,,拄
,,,,,,嘱咐
,,,,,,瞩目
,,,,,,助威
,,,,,,住处
,,,,,,住户
,,,,,,住宿
,,,,,,住址
,,,,,,贮藏
,,,,,,注
,,,,,,注定
,,,,,,注入
,,,,,,铸造
,,,,,,筑
,,,,,,爪子
,,,,,,拽
,,,,,,专长
,,,,,,专程
,,,,,,专柜
,,,,,,专栏
,,,,,,专卖店
,,,,,,专人
,,,,,,专职
,,,,,,专制
,,,,,,专注
,,,,,,专著
,,,,,,砖
,,,,,,转播
,,,,,,转达
,,,,,,转机
,,,,,,转交
,,,,,,转型
,,,,,,转学
,,,,,,转眼
,,,,,,转载
,,,,,,转折
,,,,,,转折点
,,,,,,传
,,,,,,传记
,,,,,,转悠
,,,,,,撰写
,,,,,,庄稼
,,,,,,庄严
,,,,,,庄园
,,,,,,桩
,,,,,,装扮
,,,,,,壮
,,,,,,壮大
,,,,,,壮胆
,,,,,,壮丽
,,,,,,壮实
,,,,,,状元
,,,,,,撞击
,,,,,,幢
,,,,,,追悼会
,,,,,,追赶
,,,,,,追溯
,,,,,,追随
,,,,,,追尾
,,,,,,追问
,,,,,,追逐
,,,,,,追踪
,,,,,,坠
,,,,,,准许
,,,,,,准则
,,,,,,拙劣
,,,,,,捉迷藏
,,,,,,灼热
,,,,,,卓越
,,,,,,酌情
,,,,,,着力
,,,,,,着落
,,,,,,着实
,,,,,,着手
,,,,,,着想
,,,,,,着眼
,,,,,,着眼于
,,,,,,着重
,,,,,,姿势
,,,,,,姿态
,,,,,,兹
,,,,,,资本主义
,,,,,,资历
,,,,,,资深
,,,,,,资讯
,,,,,,滋润
,,,,,,滋味
,,,,,,子弟
,,,,,,子孙
,,,,,,自卑
,,,,,,自称
,,,,,,自发
,,,,,,自费
,,,,,,自负
,,,,,,自理
,,,,,,自力更生
,,,,,,自立
,,,,,,自强不息
,,,,,,自然而然
,,,,,,自然界
,,,,,,自如
,,,,,,自始至终
,,,,,,自私
,,,,,,自私自利
,,,,,,自卫
,,,,,,自相矛盾
,,,,,,自信心
,,,,,,自行
,,,,,,自以为是
,,,,,,自由自在
,,,,,,自责
,,,,,,自助
,,,,,,自尊
,,,,,,自尊心
,,,,,,字迹
,,,,,,字幕
,,,,,,字体
,,,,,,字眼
,,,,,,宗
,,,,,,宗旨
,,,,,,综上所述
,,,,,,总的来说
,,,,,,总额
,,,,,,总而言之
,,,,,,总计
,,,,,,纵观
,,,,,,纵横交错
,,,,,,纵然
,,,,,,纵容
,,,,,,纵深
,,,,,,粽子
,,,,,,走过场
,,,,,,走后门
,,,,,,走近
,,,,,,走廊
,,,,,,走投无路
,,,,,,走弯路
,,,,,,奏效
,,,,,,揍
,,,,,,租赁
,,,,,,足迹
,,,,,,足智多谋
,,,,,,阻挡
,,,,,,阻拦
,,,,,,阻力
,,,,,,阻挠
,,,,,,组建
,,,,,,组装
,,,,,,祖传
,,,,,,祖籍
,,,,,,祖先
,,,,,,祖宗
,,,,,,钻空子
,,,,,,钻研
,,,,,,钻石
,,,,,,嘴唇
,,,,,,罪犯
,,,,,,罪魁祸首
,,,,,,尊贵
,,,,,,尊严
,,,,,,遵循
,,,,,,遵照
,,,,,,琢磨
,,,,,,左顾右盼
,,,,,,佐料
,,,,,,作弊
,,,,,,作对
,,,,,,作风
,,,,,,作客
,,,,,,作物
,,,,,,坐落
,,,,,,座谈
,,,,,,座右铭
,,,,,,做生意
,,,,,,做证